-- 3 Requête d’ajout des utilisateurs, photos, commentaires et likes


-- data utilisateurs 30

insert into utilisateurs (user_id, user_name, nom, prenom, email, avatar, bio) values (1, 'gmarval0', 'Marval', 'Greer', 'gmarval0@soup.io', 'https://robohash.org/magnamaccusamusdolore.png?size=50x50&set=set1', 'at nibh in hac habitasse platea dictumst aliquam augue quam sollicitudin vitae consectetuer eget rutrum at lorem integer tincidunt ante vel ipsum praesent blandit lacinia erat vestibulum sed magna at nunc commodo placerat praesent blandit nam nulla integer pede justo lacinia eget tincidunt eget tempus vel pede morbi porttitor lorem id ligula suspendisse ornare consequat lectus in est risus auctor sed tristique in tempus sit amet sem fusce consequat nulla nisl nunc nisl duis bibendum felis sed interdum venenatis turpis enim blandit mi in porttitor pede justo eu massa donec dapibus duis at velit eu est congue elementum in hac habitasse platea dictumst morbi vestibulum velit id pretium iaculis diam erat fermentum justo nec condimentum neque sapien placerat ante nulla justo aliquam quis turpis eget elit sodales scelerisque mauris sit amet eros suspendisse accumsan tortor quis turpis sed ante vivamus tortor duis mattis egestas metus aenean fermentum donec ut mauris eget massa tempor convallis nulla neque libero convallis eget eleifend luctus ultricies eu nibh quisque id');
insert into utilisateurs (user_id, user_name, nom, prenom, email, avatar, bio) values (2, 'pbenkhe1', 'Benkhe', 'Prent', 'pbenkhe1@domainmarket.com', 'https://robohash.org/sednonmaiores.png?size=50x50&set=set1', 'ut suscipit a feugiat et eros vestibulum ac est lacinia nisi venenatis tristique fusce congue diam id ornare imperdiet sapien urna pretium nisl ut volutpat sapien arcu sed augue aliquam erat volutpat in congue etiam justo etiam pretium iaculis justo in hac habitasse platea dictumst etiam faucibus cursus urna ut tellus nulla ut erat id mauris vulputate elementum nullam varius nulla facilisi cras non velit nec nisi vulputate nonummy maecenas tincidunt lacus at velit vivamus vel nulla eget eros elementum pellentesque quisque porta volutpat erat quisque erat eros viverra eget congue eget semper rutrum nulla nunc purus phasellus in felis donec semper sapien a libero nam dui proin leo odio porttitor id consequat in consequat ut nulla sed accumsan felis ut at dolor quis odio consequat varius integer ac leo pellentesque ultrices mattis odio donec vitae nisi nam ultrices libero non mattis pulvinar nulla');
insert into utilisateurs (user_id, user_name, nom, prenom, email, avatar, bio) values (3, 'cschutt2', 'Schutt', 'Cherilynn', 'cschutt2@walmart.com', 'https://robohash.org/facerequiblanditiis.png?size=50x50&set=set1', 'odio condimentum id luctus nec molestie sed justo pellentesque viverra pede ac diam cras pellentesque volutpat dui maecenas tristique est et tempus semper est quam pharetra magna ac consequat metus sapien ut nunc vestibulum ante ipsum primis in faucibus orci luctus et ultrices posuere cubilia curae mauris viverra diam vitae quam suspendisse potenti nullam porttitor lacus at turpis donec posuere metus vitae ipsum aliquam non mauris morbi non lectus aliquam sit amet diam in magna bibendum imperdiet nullam orci pede venenatis non sodales sed tincidunt eu felis fusce posuere felis sed lacus morbi sem mauris laoreet ut rhoncus aliquet pulvinar sed nisl nunc rhoncus dui vel sem sed sagittis nam congue risus semper porta volutpat quam pede lobortis ligula sit amet eleifend pede');
insert into utilisateurs (user_id, user_name, nom, prenom, email, avatar, bio) values (4, 'fmuge3', 'Muge', 'Ferne', 'fmuge3@flavors.me', 'https://robohash.org/isteomnissimilique.png?size=50x50&set=set1', 'quam pede lobortis ligula sit amet eleifend pede libero quis orci nullam molestie nibh in lectus pellentesque at nulla suspendisse potenti cras in purus eu magna vulputate luctus cum sociis natoque penatibus et magnis dis parturient montes nascetur ridiculus mus vivamus vestibulum sagittis sapien cum sociis natoque penatibus et magnis dis parturient montes nascetur ridiculus mus etiam vel augue vestibulum rutrum rutrum neque aenean auctor gravida sem praesent id massa id nisl venenatis lacinia aenean sit amet justo morbi ut odio cras mi pede');
insert into utilisateurs (user_id, user_name, nom, prenom, email, avatar, bio) values (5, 'cdoxsey4', 'Doxsey', 'Charlean', 'cdoxsey4@unblog.fr', 'https://robohash.org/reiciendisitaquevitae.png?size=50x50&set=set1', 'viverra eget congue eget semper rutrum nulla nunc purus phasellus in felis donec semper sapien a libero nam dui proin leo odio porttitor id consequat in consequat ut nulla sed accumsan felis ut at dolor quis odio consequat varius integer ac leo pellentesque ultrices mattis odio donec vitae nisi nam ultrices libero non mattis pulvinar nulla pede ullamcorper augue a suscipit nulla elit ac nulla sed vel enim sit amet nunc viverra dapibus nulla suscipit ligula in lacus curabitur at ipsum ac tellus semper interdum mauris ullamcorper purus sit');
insert into utilisateurs (user_id, user_name, nom, prenom, email, avatar, bio) values (6, 'fspyby5', 'Spyby', 'Franzen', 'fspyby5@arizona.edu', 'https://robohash.org/namsedearum.png?size=50x50&set=set1', 'ac nibh fusce lacus purus aliquet at feugiat non pretium quis lectus suspendisse potenti in eleifend quam a odio in hac habitasse platea dictumst maecenas ut massa quis augue luctus tincidunt nulla mollis molestie lorem quisque ut erat curabitur gravida nisi at nibh in hac habitasse platea dictumst aliquam augue quam sollicitudin vitae consectetuer eget rutrum at lorem integer tincidunt ante vel ipsum praesent blandit lacinia erat vestibulum sed magna at nunc commodo placerat praesent blandit nam nulla integer pede justo lacinia eget tincidunt eget tempus vel pede morbi porttitor lorem id ligula suspendisse ornare consequat lectus in est risus auctor sed tristique in tempus sit amet sem fusce consequat nulla nisl nunc nisl duis bibendum felis sed interdum venenatis turpis enim blandit mi in porttitor pede justo eu massa donec dapibus duis at velit eu est congue elementum in hac habitasse platea dictumst morbi vestibulum velit id pretium iaculis diam erat fermentum justo nec condimentum neque sapien placerat ante nulla justo aliquam quis turpis');
insert into utilisateurs (user_id, user_name, nom, prenom, email, avatar, bio) values (7, 'abaccus6', 'Baccus', 'Aime', 'abaccus6@bloglines.com', 'https://robohash.org/odioinsit.png?size=50x50&set=set1', 'lacus morbi sem mauris laoreet ut rhoncus aliquet pulvinar sed nisl nunc rhoncus dui vel sem sed sagittis nam congue risus semper porta volutpat quam pede lobortis ligula sit amet eleifend pede libero quis orci nullam molestie nibh in lectus pellentesque at nulla suspendisse potenti cras in purus eu magna vulputate luctus cum sociis natoque penatibus et magnis dis parturient montes nascetur ridiculus mus vivamus vestibulum sagittis sapien cum sociis');
insert into utilisateurs (user_id, user_name, nom, prenom, email, avatar, bio) values (8, 'gkennefick7', 'Kennefick', 'Gray', 'gkennefick7@youtube.com', 'https://robohash.org/etnisivelit.png?size=50x50&set=set1', 'sit amet eleifend pede libero quis orci nullam molestie nibh in lectus pellentesque at nulla suspendisse potenti cras in purus eu magna vulputate luctus cum sociis natoque penatibus et magnis dis parturient montes nascetur ridiculus mus vivamus vestibulum sagittis sapien cum sociis natoque penatibus et magnis dis parturient montes nascetur ridiculus mus etiam vel augue vestibulum rutrum rutrum neque aenean auctor gravida sem praesent id massa id nisl venenatis lacinia aenean sit amet justo morbi ut odio cras mi pede malesuada in imperdiet et commodo vulputate justo in blandit ultrices enim lorem ipsum dolor sit amet consectetuer adipiscing elit proin interdum mauris non ligula pellentesque ultrices phasellus id sapien in sapien iaculis congue vivamus metus arcu adipiscing molestie');
insert into utilisateurs (user_id, user_name, nom, prenom, email, avatar, bio) values (9, 'dedmondson8', 'Edmondson', 'Doloritas', 'dedmondson8@alibaba.com', 'https://robohash.org/etfugamolestiae.png?size=50x50&set=set1', 'lacus purus aliquet at feugiat non pretium quis lectus suspendisse potenti in eleifend quam a odio in hac habitasse platea dictumst maecenas ut massa quis augue luctus tincidunt nulla mollis molestie lorem quisque ut erat curabitur gravida nisi at nibh in hac habitasse platea dictumst aliquam augue quam sollicitudin vitae consectetuer eget rutrum at lorem integer tincidunt ante vel ipsum praesent blandit lacinia erat vestibulum sed magna at nunc commodo placerat praesent blandit nam nulla integer pede justo lacinia eget tincidunt eget tempus vel pede morbi porttitor lorem id ligula suspendisse ornare consequat lectus in est risus auctor sed tristique in tempus sit amet sem fusce consequat nulla nisl nunc nisl duis bibendum felis sed interdum venenatis turpis enim blandit mi in porttitor pede justo eu massa donec dapibus duis');
insert into utilisateurs (user_id, user_name, nom, prenom, email, avatar, bio) values (10, 'vcamsey9', 'Camsey', 'Viki', 'vcamsey9@amazonaws.com', 'https://robohash.org/quibusdamacumque.png?size=50x50&set=set1', 'eu mi nulla ac enim in tempor turpis nec euismod scelerisque quam turpis adipiscing lorem vitae mattis nibh ligula nec sem duis aliquam convallis nunc proin at turpis a pede posuere nonummy integer non velit donec diam neque vestibulum eget vulputate ut ultrices vel augue vestibulum ante ipsum primis in faucibus orci luctus et ultrices posuere cubilia curae donec pharetra magna vestibulum aliquet ultrices erat tortor sollicitudin mi sit amet lobortis sapien sapien');
insert into utilisateurs (user_id, user_name, nom, prenom, email, avatar, bio) values (11, 'agendricha', 'Gendrich', 'Art', 'agendricha@360.cn', 'https://robohash.org/veliteosaut.png?size=50x50&set=set1', 'ante ipsum primis in faucibus orci luctus et ultrices posuere cubilia curae nulla dapibus dolor vel est donec odio justo sollicitudin ut suscipit a feugiat et eros vestibulum ac est lacinia nisi venenatis tristique fusce congue diam id ornare imperdiet sapien urna pretium nisl ut volutpat sapien arcu sed augue aliquam erat volutpat in congue etiam justo etiam pretium iaculis justo in hac habitasse platea dictumst etiam faucibus cursus urna ut tellus nulla ut erat id mauris vulputate elementum nullam varius nulla facilisi cras non velit nec nisi vulputate nonummy maecenas tincidunt lacus at velit vivamus vel nulla eget eros elementum pellentesque quisque porta volutpat erat quisque erat eros viverra eget congue eget semper rutrum nulla nunc purus phasellus in felis donec semper sapien a libero nam dui proin leo odio porttitor id consequat in consequat ut nulla sed accumsan felis ut at dolor quis odio consequat varius integer ac leo pellentesque ultrices mattis odio donec vitae nisi nam ultrices libero non mattis pulvinar nulla pede ullamcorper augue a suscipit');
insert into utilisateurs (user_id, user_name, nom, prenom, email, avatar, bio) values (12, 'iwaymanb', 'Wayman', 'Iggie', 'iwaymanb@simplemachines.org', 'https://robohash.org/officiaetdolor.png?size=50x50&set=set1', 'risus semper porta volutpat quam pede lobortis ligula sit amet eleifend pede libero quis orci nullam molestie nibh in lectus pellentesque at nulla suspendisse potenti cras in purus eu magna vulputate luctus cum sociis natoque penatibus et magnis dis parturient montes nascetur ridiculus mus vivamus vestibulum sagittis sapien cum sociis natoque penatibus et magnis dis parturient montes nascetur ridiculus mus etiam vel augue vestibulum rutrum rutrum neque aenean auctor gravida sem praesent id massa id nisl venenatis lacinia aenean sit amet justo morbi');
insert into utilisateurs (user_id, user_name, nom, prenom, email, avatar, bio) values (13, 'gwindeattc', 'Windeatt', 'Garner', 'gwindeattc@netlog.com', 'https://robohash.org/ututsequi.png?size=50x50&set=set1', 'maecenas tristique est et tempus semper est quam pharetra magna ac consequat metus sapien ut nunc vestibulum ante ipsum primis in faucibus orci luctus et ultrices posuere cubilia curae mauris viverra diam vitae quam suspendisse potenti nullam porttitor lacus at turpis donec posuere metus vitae ipsum aliquam non mauris morbi non lectus aliquam sit amet diam in magna bibendum imperdiet nullam orci pede venenatis non sodales sed tincidunt eu felis fusce posuere felis sed lacus morbi sem mauris laoreet ut rhoncus aliquet pulvinar sed nisl nunc rhoncus dui vel sem sed sagittis nam congue risus semper porta volutpat quam pede lobortis ligula sit amet eleifend pede libero quis orci nullam molestie nibh in lectus pellentesque at nulla suspendisse potenti cras in purus eu magna vulputate luctus cum sociis natoque penatibus et magnis dis parturient montes nascetur ridiculus mus vivamus vestibulum sagittis sapien cum sociis natoque penatibus et magnis dis parturient montes nascetur ridiculus mus etiam vel augue vestibulum rutrum rutrum neque');
insert into utilisateurs (user_id, user_name, nom, prenom, email, avatar, bio) values (14, 'deddicottd', 'Eddicott', 'Denise', 'deddicottd@liveinternet.ru', 'https://robohash.org/nesciuntutvoluptas.png?size=50x50&set=set1', 'urna pretium nisl ut volutpat sapien arcu sed augue aliquam erat volutpat in congue etiam justo etiam pretium iaculis justo in hac habitasse platea dictumst etiam faucibus cursus urna ut tellus nulla ut erat id mauris vulputate elementum nullam varius nulla facilisi cras non velit nec nisi vulputate nonummy maecenas tincidunt lacus at velit vivamus vel nulla eget eros elementum pellentesque quisque porta volutpat erat quisque erat eros viverra eget congue eget semper rutrum');
insert into utilisateurs (user_id, user_name, nom, prenom, email, avatar, bio) values (15, 'ksettere', 'Setter', 'Kin', 'ksettere@cisco.com', 'https://robohash.org/quisquamrepudiandaeautem.png?size=50x50&set=set1', 'justo sit amet sapien dignissim vestibulum vestibulum ante ipsum primis in faucibus orci luctus et ultrices posuere cubilia curae nulla dapibus dolor vel est donec odio justo sollicitudin ut suscipit a feugiat et eros vestibulum ac est lacinia nisi venenatis tristique fusce congue diam id ornare imperdiet sapien urna pretium nisl ut volutpat sapien arcu sed augue aliquam erat volutpat in congue etiam justo etiam pretium iaculis justo in hac habitasse');
insert into utilisateurs (user_id, user_name, nom, prenom, email, avatar, bio) values (16, 'kfelipef', 'Felipe', 'Kristi', 'kfelipef@issuu.com', 'https://robohash.org/cumqueestenim.png?size=50x50&set=set1', 'dignissim vestibulum vestibulum ante ipsum primis in faucibus orci luctus et ultrices posuere cubilia curae nulla dapibus dolor vel est donec odio justo sollicitudin ut suscipit a feugiat et eros vestibulum ac est lacinia nisi venenatis tristique fusce congue diam id ornare imperdiet sapien urna pretium nisl ut volutpat sapien arcu sed augue aliquam erat volutpat in congue etiam justo etiam');
insert into utilisateurs (user_id, user_name, nom, prenom, email, avatar, bio) values (17, 'ocanfieldg', 'Canfield', 'Onfre', 'ocanfieldg@feedburner.com', 'https://robohash.org/essesimiliquedolore.png?size=50x50&set=set1', 'id pretium iaculis diam erat fermentum justo nec condimentum neque sapien placerat ante nulla justo aliquam quis turpis eget elit sodales scelerisque mauris sit amet eros suspendisse accumsan tortor quis turpis sed ante vivamus tortor duis mattis egestas metus aenean fermentum donec ut mauris eget massa tempor convallis nulla neque libero convallis eget eleifend luctus ultricies eu nibh quisque id justo sit amet sapien dignissim vestibulum vestibulum ante ipsum primis in faucibus orci luctus et ultrices posuere cubilia curae nulla dapibus dolor vel est donec odio justo sollicitudin ut suscipit a feugiat et eros vestibulum ac est lacinia nisi venenatis tristique fusce congue diam id ornare imperdiet sapien urna pretium nisl ut volutpat sapien arcu sed augue aliquam erat volutpat in congue etiam justo etiam pretium iaculis justo in hac habitasse platea dictumst etiam faucibus cursus urna ut tellus nulla ut erat id mauris vulputate elementum nullam varius nulla facilisi cras non velit nec nisi vulputate nonummy maecenas tincidunt lacus at velit vivamus vel nulla eget eros elementum pellentesque quisque porta volutpat');
insert into utilisateurs (user_id, user_name, nom, prenom, email, avatar, bio) values (18, 'gcoombsh', 'Coombs', 'Gabie', 'gcoombsh@jigsy.com', 'https://robohash.org/officiisnonducimus.png?size=50x50&set=set1', 'eros viverra eget congue eget semper rutrum nulla nunc purus phasellus in felis donec semper sapien a libero nam dui proin leo odio porttitor id consequat in consequat ut nulla sed accumsan felis ut at dolor quis odio consequat varius integer ac leo pellentesque ultrices mattis odio donec vitae nisi nam ultrices libero non mattis pulvinar nulla pede ullamcorper augue a suscipit nulla elit ac nulla sed vel enim sit amet nunc viverra dapibus nulla suscipit ligula in lacus curabitur at ipsum ac tellus semper interdum mauris ullamcorper purus sit amet nulla quisque arcu');
insert into utilisateurs (user_id, user_name, nom, prenom, email, avatar, bio) values (19, 'dangrocki', 'Angrock', 'Denyse', 'dangrocki@fastcompany.com', 'https://robohash.org/deleniticonsequaturut.png?size=50x50&set=set1', 'odio elementum eu interdum eu tincidunt in leo maecenas pulvinar lobortis est phasellus sit amet erat nulla tempus vivamus in felis eu sapien cursus vestibulum proin eu mi nulla ac enim in tempor turpis nec euismod scelerisque quam turpis adipiscing lorem vitae mattis nibh ligula nec sem duis aliquam convallis nunc proin');
insert into utilisateurs (user_id, user_name, nom, prenom, email, avatar, bio) values (20, 'bwalderaj', 'Waldera', 'Brenda', 'bwalderaj@jigsy.com', 'https://robohash.org/autemaliquidet.png?size=50x50&set=set1', 'cursus id turpis integer aliquet massa id lobortis convallis tortor risus dapibus augue vel accumsan tellus nisi eu orci mauris lacinia sapien quis libero nullam sit amet turpis elementum ligula vehicula consequat morbi a ipsum integer a nibh in quis justo maecenas rhoncus aliquam lacus morbi quis tortor id nulla ultrices aliquet maecenas leo odio condimentum id luctus nec molestie sed justo pellentesque viverra pede ac diam cras pellentesque volutpat dui maecenas tristique est et tempus semper est quam pharetra magna ac consequat metus sapien ut nunc vestibulum ante ipsum primis in faucibus orci luctus et ultrices posuere cubilia curae mauris viverra diam vitae');
insert into utilisateurs (user_id, user_name, nom, prenom, email, avatar, bio) values (21, 'jquaintonk', 'Quainton', 'Jeremias', 'jquaintonk@forbes.com', 'https://robohash.org/inventorevoluptatemneque.png?size=50x50&set=set1', 'arcu sed augue aliquam erat volutpat in congue etiam justo etiam pretium iaculis justo in hac habitasse platea dictumst etiam faucibus cursus urna ut tellus nulla ut erat id mauris vulputate elementum nullam varius nulla facilisi cras non velit nec nisi vulputate nonummy maecenas tincidunt lacus at velit vivamus vel nulla eget eros elementum pellentesque quisque porta volutpat erat quisque erat eros viverra eget congue eget semper rutrum nulla nunc purus phasellus in felis donec semper sapien a libero nam dui proin leo odio porttitor id consequat in consequat ut nulla sed accumsan felis ut at dolor quis odio consequat varius integer ac leo pellentesque ultrices mattis odio donec vitae nisi nam ultrices libero non mattis pulvinar nulla pede ullamcorper augue a suscipit nulla elit ac nulla sed vel enim sit amet nunc viverra dapibus nulla suscipit ligula in lacus curabitur at ipsum ac tellus semper interdum mauris ullamcorper purus sit amet nulla quisque arcu libero rutrum ac');
insert into utilisateurs (user_id, user_name, nom, prenom, email, avatar, bio) values (22, 'oterrellyl', 'Terrelly', 'Oberon', 'oterrellyl@purevolume.com', 'https://robohash.org/eosporrotempore.png?size=50x50&set=set1', 'diam erat fermentum justo nec condimentum neque sapien placerat ante nulla justo aliquam quis turpis eget elit sodales scelerisque mauris sit amet eros suspendisse accumsan tortor quis turpis sed ante vivamus tortor duis mattis egestas metus aenean fermentum donec ut mauris eget massa tempor convallis nulla neque libero convallis eget eleifend luctus ultricies eu nibh quisque id justo sit amet sapien dignissim vestibulum vestibulum ante ipsum primis in faucibus orci luctus et ultrices posuere cubilia curae nulla dapibus dolor vel est donec');
insert into utilisateurs (user_id, user_name, nom, prenom, email, avatar, bio) values (23, 'alourensm', 'Lourens', 'Alon', 'alourensm@usgs.gov', 'https://robohash.org/illumestnecessitatibus.png?size=50x50&set=set1', 'id pretium iaculis diam erat fermentum justo nec condimentum neque sapien placerat ante nulla justo aliquam quis turpis eget elit sodales scelerisque mauris sit amet eros suspendisse accumsan tortor quis turpis sed ante vivamus tortor duis mattis egestas metus aenean fermentum donec ut mauris eget massa tempor convallis nulla neque libero convallis eget eleifend luctus ultricies eu nibh quisque id justo sit amet sapien dignissim vestibulum vestibulum ante ipsum primis in faucibus orci luctus et ultrices posuere cubilia curae nulla dapibus dolor vel est donec odio justo sollicitudin ut suscipit a feugiat et eros vestibulum ac est lacinia nisi venenatis tristique fusce congue diam id ornare imperdiet sapien urna pretium nisl ut volutpat sapien arcu sed augue aliquam erat volutpat in congue etiam justo etiam pretium iaculis justo in hac habitasse platea dictumst etiam faucibus cursus urna ut tellus nulla ut erat id mauris vulputate elementum nullam varius nulla facilisi cras non velit nec nisi vulputate nonummy maecenas tincidunt lacus at velit vivamus vel nulla eget eros elementum pellentesque quisque porta volutpat erat quisque erat eros viverra eget congue eget semper rutrum nulla nunc purus phasellus in felis donec semper');
insert into utilisateurs (user_id, user_name, nom, prenom, email, avatar, bio) values (24, 'iebhardtn', 'Ebhardt', 'Isa', 'iebhardtn@e-recht24.de', 'https://robohash.org/etconsecteturut.png?size=50x50&set=set1', 'id massa id nisl venenatis lacinia aenean sit amet justo morbi ut odio cras mi pede malesuada in imperdiet et commodo vulputate justo in blandit ultrices enim lorem ipsum dolor sit amet consectetuer adipiscing elit proin interdum mauris non ligula pellentesque ultrices phasellus id sapien in sapien iaculis congue vivamus metus arcu adipiscing molestie hendrerit at vulputate vitae nisl aenean lectus pellentesque eget nunc donec quis orci eget orci vehicula condimentum curabitur in');
insert into utilisateurs (user_id, user_name, nom, prenom, email, avatar, bio) values (25, 'rdahlmano', 'Dahlman', 'Rosie', 'rdahlmano@unesco.org', 'https://robohash.org/delenitivelitpariatur.png?size=50x50&set=set1', 'odio justo sollicitudin ut suscipit a feugiat et eros vestibulum ac est lacinia nisi venenatis tristique fusce congue diam id ornare imperdiet sapien urna pretium nisl ut volutpat sapien arcu sed augue aliquam erat volutpat in congue etiam justo etiam pretium iaculis justo in hac habitasse platea dictumst etiam faucibus cursus urna ut tellus nulla ut erat id mauris vulputate elementum nullam varius nulla facilisi cras non velit nec nisi vulputate nonummy maecenas tincidunt lacus at velit vivamus vel nulla eget eros elementum pellentesque quisque porta volutpat erat quisque erat eros viverra eget congue eget semper rutrum nulla nunc purus phasellus in felis donec semper sapien a libero nam dui proin leo odio porttitor id consequat in consequat ut nulla sed accumsan');
insert into utilisateurs (user_id, user_name, nom, prenom, email, avatar, bio) values (26, 'djanaudp', 'Janaud', 'Deina', 'djanaudp@smugmug.com', 'https://robohash.org/quaseteligendi.png?size=50x50&set=set1', 'convallis nunc proin at turpis a pede posuere nonummy integer non velit donec diam neque vestibulum eget vulputate ut ultrices vel augue vestibulum ante ipsum primis in faucibus orci luctus et ultrices posuere cubilia curae donec pharetra magna vestibulum aliquet ultrices erat tortor sollicitudin mi sit amet lobortis sapien sapien non mi integer ac neque duis bibendum morbi');
insert into utilisateurs (user_id, user_name, nom, prenom, email, avatar, bio) values (27, 'dhayleyq', 'Hayley', 'Damara', 'dhayleyq@scribd.com', 'https://robohash.org/illoillumexcepturi.png?size=50x50&set=set1', 'augue vel accumsan tellus nisi eu orci mauris lacinia sapien quis libero nullam sit amet turpis elementum ligula vehicula consequat morbi a ipsum integer a nibh in quis justo maecenas rhoncus aliquam lacus morbi quis tortor id nulla ultrices aliquet maecenas leo odio condimentum id luctus nec molestie sed justo pellentesque viverra pede ac diam cras pellentesque volutpat dui maecenas tristique est et tempus semper est quam pharetra magna ac consequat metus sapien ut nunc vestibulum ante ipsum primis in faucibus orci luctus et ultrices posuere cubilia curae mauris viverra diam vitae quam suspendisse potenti');
insert into utilisateurs (user_id, user_name, nom, prenom, email, avatar, bio) values (28, 'gmaudettr', 'Maudett', 'Gary', 'gmaudettr@bloglovin.com', 'https://robohash.org/temporibustemporasit.png?size=50x50&set=set1', 'in sagittis dui vel nisl duis ac nibh fusce lacus purus aliquet at feugiat non pretium quis lectus suspendisse potenti in eleifend quam a odio in hac habitasse platea dictumst maecenas ut massa quis augue luctus tincidunt nulla mollis molestie lorem quisque ut erat curabitur gravida nisi at nibh in hac habitasse platea dictumst aliquam augue quam sollicitudin vitae consectetuer eget rutrum at lorem integer tincidunt ante vel ipsum praesent blandit lacinia erat vestibulum sed magna at nunc commodo placerat praesent blandit nam nulla integer pede justo lacinia eget');
insert into utilisateurs (user_id, user_name, nom, prenom, email, avatar, bio) values (29, 'wfilmers', 'Filmer', 'Waylan', 'wfilmers@google.com', 'https://robohash.org/modiautomnis.png?size=50x50&set=set1', 'arcu sed augue aliquam erat volutpat in congue etiam justo etiam pretium iaculis justo in hac habitasse platea dictumst etiam faucibus cursus urna ut tellus nulla ut erat id mauris vulputate elementum nullam varius nulla facilisi cras non velit nec nisi vulputate nonummy maecenas tincidunt lacus at velit vivamus vel nulla eget eros elementum pellentesque quisque porta volutpat erat quisque erat eros viverra eget congue eget semper rutrum nulla nunc purus phasellus in felis donec semper sapien a libero nam dui proin leo odio porttitor id consequat in consequat ut nulla sed accumsan felis ut at dolor quis odio consequat varius integer ac leo pellentesque ultrices mattis odio donec vitae nisi nam ultrices libero non mattis pulvinar nulla pede ullamcorper augue a suscipit nulla elit ac nulla sed vel enim sit amet nunc viverra dapibus nulla suscipit ligula in lacus curabitur at ipsum ac tellus semper interdum');
insert into utilisateurs (user_id, user_name, nom, prenom, email, avatar, bio) values (30, 'rhyndt', 'Hynd', 'Rutherford', 'rhyndt@newsvine.com', 'https://robohash.org/ipsumconsequaturqui.png?size=50x50&set=set1', 'potenti cras in purus eu magna vulputate luctus cum sociis natoque penatibus et magnis dis parturient montes nascetur ridiculus mus vivamus vestibulum sagittis sapien cum sociis natoque penatibus et magnis dis parturient montes nascetur ridiculus mus etiam vel augue vestibulum rutrum rutrum neque aenean auctor gravida sem praesent id massa id nisl venenatis lacinia aenean sit amet justo morbi ut odio cras mi pede malesuada in imperdiet et commodo vulputate justo in blandit ultrices enim lorem ipsum dolor sit amet consectetuer adipiscing elit proin interdum mauris non ligula pellentesque ultrices phasellus id sapien in sapien iaculis congue vivamus metus arcu adipiscing molestie hendrerit at vulputate vitae nisl aenean lectus pellentesque eget nunc donec quis orci eget orci vehicula condimentum curabitur in libero ut massa volutpat convallis morbi odio odio elementum eu interdum eu tincidunt in leo maecenas pulvinar lobortis est phasellus sit amet erat nulla tempus vivamus in felis eu sapien cursus');


--Photos DATA 100



insert into photos (user_id, url) values (23, 'http://dummyimage.com/187x100.png/ff4444/ffffff');
insert into photos (user_id, url) values (25, 'http://dummyimage.com/193x100.png/cc0000/ffffff');
insert into photos (user_id, url) values (27, 'http://dummyimage.com/168x100.png/ff4444/ffffff');
insert into photos (user_id, url) values (2, 'http://dummyimage.com/169x100.png/dddddd/000000');
insert into photos (user_id, url) values (1, 'http://dummyimage.com/153x100.png/5fa2dd/ffffff');
insert into photos (user_id, url) values (5, 'http://dummyimage.com/123x100.png/ff4444/ffffff');
insert into photos (user_id, url) values (8, 'http://dummyimage.com/144x100.png/ff4444/ffffff');
insert into photos (user_id, url) values (25, 'http://dummyimage.com/125x100.png/cc0000/ffffff');
insert into photos (user_id, url) values (1, 'http://dummyimage.com/196x100.png/cc0000/ffffff');
insert into photos (user_id, url) values (4, 'http://dummyimage.com/118x100.png/cc0000/ffffff');
insert into photos (user_id, url) values (12, 'http://dummyimage.com/118x100.png/ff4444/ffffff');
insert into photos (user_id, url) values (8, 'http://dummyimage.com/192x100.png/5fa2dd/ffffff');
insert into photos (user_id, url) values (22, 'http://dummyimage.com/159x100.png/ff4444/ffffff');
insert into photos (user_id, url) values (18, 'http://dummyimage.com/237x100.png/dddddd/000000');
insert into photos (user_id, url) values (4, 'http://dummyimage.com/236x100.png/ff4444/ffffff');
insert into photos (user_id, url) values (24, 'http://dummyimage.com/237x100.png/5fa2dd/ffffff');
insert into photos (user_id, url) values (5, 'http://dummyimage.com/129x100.png/ff4444/ffffff');
insert into photos (user_id, url) values (20, 'http://dummyimage.com/187x100.png/ff4444/ffffff');
insert into photos (user_id, url) values (6, 'http://dummyimage.com/223x100.png/ff4444/ffffff');
insert into photos (user_id, url) values (6, 'http://dummyimage.com/192x100.png/cc0000/ffffff');
insert into photos (user_id, url) values (26, 'http://dummyimage.com/222x100.png/ff4444/ffffff');
insert into photos (user_id, url) values (25, 'http://dummyimage.com/164x100.png/dddddd/000000');
insert into photos (user_id, url) values (8, 'http://dummyimage.com/111x100.png/dddddd/000000');
insert into photos (user_id, url) values (26, 'http://dummyimage.com/136x100.png/dddddd/000000');
insert into photos (user_id, url) values (25, 'http://dummyimage.com/102x100.png/5fa2dd/ffffff');
insert into photos (user_id, url) values (30, 'http://dummyimage.com/161x100.png/ff4444/ffffff');
insert into photos (user_id, url) values (4, 'http://dummyimage.com/213x100.png/ff4444/ffffff');
insert into photos (user_id, url) values (11, 'http://dummyimage.com/135x100.png/cc0000/ffffff');
insert into photos (user_id, url) values (21, 'http://dummyimage.com/161x100.png/ff4444/ffffff');
insert into photos (user_id, url) values (6, 'http://dummyimage.com/166x100.png/dddddd/000000');
insert into photos (user_id, url) values (1, 'http://dummyimage.com/144x100.png/5fa2dd/ffffff');
insert into photos (user_id, url) values (20, 'http://dummyimage.com/224x100.png/dddddd/000000');
insert into photos (user_id, url) values (23, 'http://dummyimage.com/188x100.png/cc0000/ffffff');
insert into photos (user_id, url) values (10, 'http://dummyimage.com/147x100.png/dddddd/000000');
insert into photos (user_id, url) values (10, 'http://dummyimage.com/193x100.png/5fa2dd/ffffff');
insert into photos (user_id, url) values (11, 'http://dummyimage.com/141x100.png/ff4444/ffffff');
insert into photos (user_id, url) values (15, 'http://dummyimage.com/176x100.png/dddddd/000000');
insert into photos (user_id, url) values (6, 'http://dummyimage.com/142x100.png/cc0000/ffffff');
insert into photos (user_id, url) values (6, 'http://dummyimage.com/185x100.png/ff4444/ffffff');
insert into photos (user_id, url) values (10, 'http://dummyimage.com/215x100.png/5fa2dd/ffffff');
insert into photos (user_id, url) values (11, 'http://dummyimage.com/180x100.png/cc0000/ffffff');
insert into photos (user_id, url) values (8, 'http://dummyimage.com/141x100.png/ff4444/ffffff');
insert into photos (user_id, url) values (22, 'http://dummyimage.com/123x100.png/ff4444/ffffff');
insert into photos (user_id, url) values (16, 'http://dummyimage.com/141x100.png/cc0000/ffffff');
insert into photos (user_id, url) values (27, 'http://dummyimage.com/235x100.png/ff4444/ffffff');
insert into photos (user_id, url) values (28, 'http://dummyimage.com/233x100.png/dddddd/000000');
insert into photos (user_id, url) values (23, 'http://dummyimage.com/237x100.png/cc0000/ffffff');
insert into photos (user_id, url) values (19, 'http://dummyimage.com/214x100.png/dddddd/000000');
insert into photos (user_id, url) values (18, 'http://dummyimage.com/113x100.png/cc0000/ffffff');
insert into photos (user_id, url) values (8, 'http://dummyimage.com/199x100.png/dddddd/000000');
insert into photos (user_id, url) values (12, 'http://dummyimage.com/123x100.png/dddddd/000000');
insert into photos (user_id, url) values (18, 'http://dummyimage.com/200x100.png/5fa2dd/ffffff');
insert into photos (user_id, url) values (14, 'http://dummyimage.com/240x100.png/ff4444/ffffff');
insert into photos (user_id, url) values (8, 'http://dummyimage.com/244x100.png/ff4444/ffffff');
insert into photos (user_id, url) values (23, 'http://dummyimage.com/249x100.png/cc0000/ffffff');
insert into photos (user_id, url) values (11, 'http://dummyimage.com/248x100.png/cc0000/ffffff');
insert into photos (user_id, url) values (25, 'http://dummyimage.com/108x100.png/ff4444/ffffff');
insert into photos (user_id, url) values (21, 'http://dummyimage.com/106x100.png/ff4444/ffffff');
insert into photos (user_id, url) values (28, 'http://dummyimage.com/225x100.png/cc0000/ffffff');
insert into photos (user_id, url) values (5, 'http://dummyimage.com/130x100.png/cc0000/ffffff');
insert into photos (user_id, url) values (26, 'http://dummyimage.com/242x100.png/ff4444/ffffff');
insert into photos (user_id, url) values (30, 'http://dummyimage.com/250x100.png/ff4444/ffffff');
insert into photos (user_id, url) values (17, 'http://dummyimage.com/233x100.png/cc0000/ffffff');
insert into photos (user_id, url) values (13, 'http://dummyimage.com/176x100.png/ff4444/ffffff');
insert into photos (user_id, url) values (15, 'http://dummyimage.com/198x100.png/dddddd/000000');
insert into photos (user_id, url) values (9, 'http://dummyimage.com/109x100.png/5fa2dd/ffffff');
insert into photos (user_id, url) values (24, 'http://dummyimage.com/192x100.png/dddddd/000000');
insert into photos (user_id, url) values (12, 'http://dummyimage.com/111x100.png/5fa2dd/ffffff');
insert into photos (user_id, url) values (3, 'http://dummyimage.com/215x100.png/ff4444/ffffff');
insert into photos (user_id, url) values (21, 'http://dummyimage.com/198x100.png/dddddd/000000');
insert into photos (user_id, url) values (15, 'http://dummyimage.com/202x100.png/cc0000/ffffff');
insert into photos (user_id, url) values (18, 'http://dummyimage.com/229x100.png/ff4444/ffffff');
insert into photos (user_id, url) values (22, 'http://dummyimage.com/105x100.png/ff4444/ffffff');
insert into photos (user_id, url) values (19, 'http://dummyimage.com/100x100.png/5fa2dd/ffffff');
insert into photos (user_id, url) values (15, 'http://dummyimage.com/107x100.png/dddddd/000000');
insert into photos (user_id, url) values (30, 'http://dummyimage.com/169x100.png/cc0000/ffffff');
insert into photos (user_id, url) values (23, 'http://dummyimage.com/117x100.png/5fa2dd/ffffff');
insert into photos (user_id, url) values (22, 'http://dummyimage.com/108x100.png/dddddd/000000');
insert into photos (user_id, url) values (19, 'http://dummyimage.com/235x100.png/cc0000/ffffff');
insert into photos (user_id, url) values (25, 'http://dummyimage.com/187x100.png/5fa2dd/ffffff');
insert into photos (user_id, url) values (23, 'http://dummyimage.com/217x100.png/5fa2dd/ffffff');
insert into photos (user_id, url) values (1, 'http://dummyimage.com/173x100.png/cc0000/ffffff');
insert into photos (user_id, url) values (20, 'http://dummyimage.com/142x100.png/5fa2dd/ffffff');
insert into photos (user_id, url) values (24, 'http://dummyimage.com/229x100.png/dddddd/000000');
insert into photos (user_id, url) values (14, 'http://dummyimage.com/141x100.png/ff4444/ffffff');
insert into photos (user_id, url) values (12, 'http://dummyimage.com/218x100.png/ff4444/ffffff');
insert into photos (user_id, url) values (29, 'http://dummyimage.com/244x100.png/cc0000/ffffff');
insert into photos (user_id, url) values (22, 'http://dummyimage.com/106x100.png/ff4444/ffffff');
insert into photos (user_id, url) values (23, 'http://dummyimage.com/156x100.png/dddddd/000000');
insert into photos (user_id, url) values (6, 'http://dummyimage.com/236x100.png/cc0000/ffffff');
insert into photos (user_id, url) values (5, 'http://dummyimage.com/119x100.png/5fa2dd/ffffff');
insert into photos (user_id, url) values (30, 'http://dummyimage.com/183x100.png/cc0000/ffffff');
insert into photos (user_id, url) values (17, 'http://dummyimage.com/193x100.png/5fa2dd/ffffff');
insert into photos (user_id, url) values (22, 'http://dummyimage.com/213x100.png/5fa2dd/ffffff');
insert into photos (user_id, url) values (8, 'http://dummyimage.com/170x100.png/cc0000/ffffff');
insert into photos (user_id, url) values (1, 'http://dummyimage.com/112x100.png/5fa2dd/ffffff');
insert into photos (user_id, url) values (23, 'http://dummyimage.com/133x100.png/dddddd/000000');
insert into photos (user_id, url) values (7, 'http://dummyimage.com/120x100.png/5fa2dd/ffffff');
insert into photos (user_id, url) values (13, 'http://dummyimage.com/184x100.png/dddddd/000000');
insert into photos (user_id, url) values (30, 'http://dummyimage.com/180x100.png/5fa2dd/ffffff');


-- commentaire DATA 100

insert into commentaires (user_id, photo_id, commentaire) values (13, 82, 'aliquet ultrices erat tortor sollicitudin mi sit amet lobortis sapien');
insert into commentaires (user_id, photo_id, commentaire) values (14, 46, 'in imperdiet');
insert into commentaires (user_id, photo_id, commentaire) values (1, 45, 'erat volutpat in congue etiam justo etiam pretium iaculis');
insert into commentaires (user_id, photo_id, commentaire) values (13, 55, 'in consequat ut nulla sed accumsan felis ut');
insert into commentaires (user_id, photo_id, commentaire) values (10, 35, 'vivamus vel nulla eget eros elementum pellentesque quisque porta');
insert into commentaires (user_id, photo_id, commentaire) values (27, 11, 'mi pede malesuada in imperdiet et commodo vulputate justo in');
insert into commentaires (user_id, photo_id, commentaire) values (18, 65, 'ut erat id');
insert into commentaires (user_id, photo_id, commentaire) values (8, 27, 'ac diam');
insert into commentaires (user_id, photo_id, commentaire) values (23, 23, 'nibh quisque id justo');
insert into commentaires (user_id, photo_id, commentaire) values (18, 20, 'vivamus vestibulum sagittis sapien cum sociis');
insert into commentaires (user_id, photo_id, commentaire) values (29, 87, 'quisque porta volutpat erat quisque erat eros');
insert into commentaires (user_id, photo_id, commentaire) values (21, 27, 'sociis natoque penatibus et magnis dis parturient');
insert into commentaires (user_id, photo_id, commentaire) values (26, 38, 'eu orci mauris lacinia sapien');
insert into commentaires (user_id, photo_id, commentaire) values (30, 27, 'risus auctor sed tristique');
insert into commentaires (user_id, photo_id, commentaire) values (1, 10, 'sapien dignissim vestibulum vestibulum ante ipsum primis in faucibus');
insert into commentaires (user_id, photo_id, commentaire) values (27, 60, 'sit amet nulla quisque arcu libero rutrum ac');
insert into commentaires (user_id, photo_id, commentaire) values (30, 5, 'aliquam lacus morbi quis tortor id');
insert into commentaires (user_id, photo_id, commentaire) values (12, 35, 'eu mi nulla ac enim in tempor turpis nec');
insert into commentaires (user_id, photo_id, commentaire) values (6, 67, 'rutrum at lorem integer tincidunt ante vel ipsum');
insert into commentaires (user_id, photo_id, commentaire) values (26, 65, 'eu orci mauris lacinia sapien quis');
insert into commentaires (user_id, photo_id, commentaire) values (9, 85, 'cursus urna ut tellus nulla');
insert into commentaires (user_id, photo_id, commentaire) values (23, 10, 'justo pellentesque viverra pede');
insert into commentaires (user_id, photo_id, commentaire) values (17, 93, 'mi integer ac neque duis');
insert into commentaires (user_id, photo_id, commentaire) values (25, 92, 'natoque penatibus et');
insert into commentaires (user_id, photo_id, commentaire) values (23, 96, 'pulvinar nulla pede ullamcorper augue a suscipit nulla');
insert into commentaires (user_id, photo_id, commentaire) values (15, 65, 'in hac habitasse platea dictumst morbi vestibulum velit');
insert into commentaires (user_id, photo_id, commentaire) values (9, 35, 'in est risus auctor');
insert into commentaires (user_id, photo_id, commentaire) values (6, 48, 'consectetuer adipiscing elit proin risus praesent lectus vestibulum quam sapien');
insert into commentaires (user_id, photo_id, commentaire) values (23, 14, 'lacinia aenean');
insert into commentaires (user_id, photo_id, commentaire) values (26, 88, 'velit donec diam neque vestibulum eget vulputate ut ultrices vel');
insert into commentaires (user_id, photo_id, commentaire) values (5, 45, 'velit vivamus vel nulla eget eros elementum');
insert into commentaires (user_id, photo_id, commentaire) values (30, 37, 'vel ipsum praesent blandit lacinia erat vestibulum sed magna at');
insert into commentaires (user_id, photo_id, commentaire) values (20, 35, 'vivamus tortor duis mattis egestas metus aenean fermentum donec ut');
insert into commentaires (user_id, photo_id, commentaire) values (30, 21, 'dictumst etiam faucibus cursus');
insert into commentaires (user_id, photo_id, commentaire) values (1, 65, 'ante nulla justo aliquam quis turpis eget');
insert into commentaires (user_id, photo_id, commentaire) values (11, 82, 'fringilla rhoncus mauris enim leo rhoncus');
insert into commentaires (user_id, photo_id, commentaire) values (25, 48, 'id mauris vulputate elementum');
insert into commentaires (user_id, photo_id, commentaire) values (5, 98, 'eros viverra eget congue eget semper rutrum nulla nunc purus');
insert into commentaires (user_id, photo_id, commentaire) values (18, 19, 'tortor quis turpis sed ante vivamus tortor duis mattis');
insert into commentaires (user_id, photo_id, commentaire) values (28, 79, 'lacus purus aliquet at feugiat');
insert into commentaires (user_id, photo_id, commentaire) values (21, 33, 'vulputate ut ultrices vel augue');
insert into commentaires (user_id, photo_id, commentaire) values (20, 29, 'volutpat sapien arcu');
insert into commentaires (user_id, photo_id, commentaire) values (11, 95, 'est risus auctor sed tristique in tempus sit amet');
insert into commentaires (user_id, photo_id, commentaire) values (25, 39, 'velit id pretium iaculis diam erat fermentum justo');
insert into commentaires (user_id, photo_id, commentaire) values (15, 13, 'interdum in ante vestibulum ante ipsum primis');
insert into commentaires (user_id, photo_id, commentaire) values (23, 84, 'vivamus tortor duis');
insert into commentaires (user_id, photo_id, commentaire) values (1, 75, 'felis eu sapien cursus vestibulum proin eu mi nulla');
insert into commentaires (user_id, photo_id, commentaire) values (28, 1, 'vel enim sit amet nunc');
insert into commentaires (user_id, photo_id, commentaire) values (21, 12, 'gravida sem praesent id');
insert into commentaires (user_id, photo_id, commentaire) values (20, 90, 'etiam vel augue vestibulum rutrum');
insert into commentaires (user_id, photo_id, commentaire) values (2, 37, 'congue vivamus');
insert into commentaires (user_id, photo_id, commentaire) values (27, 60, 'lacinia sapien quis libero nullam sit amet');
insert into commentaires (user_id, photo_id, commentaire) values (8, 57, 'tincidunt nulla mollis molestie lorem quisque');
insert into commentaires (user_id, photo_id, commentaire) values (6, 82, 'ut at dolor quis odio consequat varius integer ac');
insert into commentaires (user_id, photo_id, commentaire) values (1, 10, 'ante ipsum');
insert into commentaires (user_id, photo_id, commentaire) values (24, 44, 'eget tincidunt eget tempus vel pede');
insert into commentaires (user_id, photo_id, commentaire) values (13, 90, 'amet nulla quisque arcu libero rutrum');
insert into commentaires (user_id, photo_id, commentaire) values (18, 10, 'ultrices posuere');
insert into commentaires (user_id, photo_id, commentaire) values (7, 54, 'vestibulum ante ipsum primis in faucibus orci luctus et');
insert into commentaires (user_id, photo_id, commentaire) values (10, 22, 'integer pede');
insert into commentaires (user_id, photo_id, commentaire) values (13, 64, 'at turpis donec posuere metus vitae');
insert into commentaires (user_id, photo_id, commentaire) values (30, 21, 'in hac habitasse platea dictumst morbi vestibulum velit id pretium');
insert into commentaires (user_id, photo_id, commentaire) values (26, 45, 'volutpat quam');
insert into commentaires (user_id, photo_id, commentaire) values (10, 85, 'pretium nisl ut volutpat sapien arcu sed augue aliquam');
insert into commentaires (user_id, photo_id, commentaire) values (22, 34, 'mus vivamus vestibulum sagittis sapien cum sociis natoque penatibus et');
insert into commentaires (user_id, photo_id, commentaire) values (23, 47, 'nam ultrices libero non mattis');
insert into commentaires (user_id, photo_id, commentaire) values (13, 72, 'at lorem');
insert into commentaires (user_id, photo_id, commentaire) values (26, 70, 'condimentum neque sapien placerat');
insert into commentaires (user_id, photo_id, commentaire) values (2, 28, 'donec vitae nisi nam ultrices libero non mattis pulvinar nulla');
insert into commentaires (user_id, photo_id, commentaire) values (27, 52, 'porttitor lacus at turpis donec posuere metus');
insert into commentaires (user_id, photo_id, commentaire) values (1, 21, 'ultrices enim lorem ipsum dolor sit amet consectetuer adipiscing elit');
insert into commentaires (user_id, photo_id, commentaire) values (21, 81, 'primis in faucibus orci');
insert into commentaires (user_id, photo_id, commentaire) values (28, 1, 'tortor risus');
insert into commentaires (user_id, photo_id, commentaire) values (11, 41, 'vehicula condimentum curabitur in libero');
insert into commentaires (user_id, photo_id, commentaire) values (20, 6, 'in lacus curabitur at ipsum ac tellus semper interdum');
insert into commentaires (user_id, photo_id, commentaire) values (7, 74, 'massa donec dapibus duis at velit eu est congue');
insert into commentaires (user_id, photo_id, commentaire) values (30, 7, 'donec quis orci eget orci vehicula condimentum curabitur');
insert into commentaires (user_id, photo_id, commentaire) values (30, 80, 'aenean sit amet justo morbi ut odio cras mi pede');
insert into commentaires (user_id, photo_id, commentaire) values (4, 43, 'proin interdum mauris non');
insert into commentaires (user_id, photo_id, commentaire) values (3, 64, 'lacinia erat');
insert into commentaires (user_id, photo_id, commentaire) values (29, 89, 'suscipit a feugiat et eros vestibulum');
insert into commentaires (user_id, photo_id, commentaire) values (1, 65, 'adipiscing molestie hendrerit at');
insert into commentaires (user_id, photo_id, commentaire) values (4, 5, 'orci vehicula condimentum curabitur in libero');
insert into commentaires (user_id, photo_id, commentaire) values (9, 100, 'aliquam lacus morbi quis tortor id');
insert into commentaires (user_id, photo_id, commentaire) values (16, 64, 'pulvinar nulla pede ullamcorper');
insert into commentaires (user_id, photo_id, commentaire) values (8, 13, 'nascetur ridiculus mus vivamus vestibulum sagittis sapien');
insert into commentaires (user_id, photo_id, commentaire) values (26, 76, 'ac leo pellentesque ultrices mattis odio');
insert into commentaires (user_id, photo_id, commentaire) values (22, 57, 'id nisl venenatis lacinia aenean sit amet');
insert into commentaires (user_id, photo_id, commentaire) values (25, 46, 'mi integer ac neque duis bibendum');
insert into commentaires (user_id, photo_id, commentaire) values (23, 74, 'quis odio consequat');
insert into commentaires (user_id, photo_id, commentaire) values (14, 36, 'potenti in eleifend quam a');
insert into commentaires (user_id, photo_id, commentaire) values (2, 79, 'integer a nibh in quis justo maecenas rhoncus aliquam lacus');
insert into commentaires (user_id, photo_id, commentaire) values (17, 80, 'platea dictumst');
insert into commentaires (user_id, photo_id, commentaire) values (9, 16, 'eget eleifend luctus ultricies eu nibh quisque id');
insert into commentaires (user_id, photo_id, commentaire) values (6, 14, 'ac tellus semper');
insert into commentaires (user_id, photo_id, commentaire) values (10, 47, 'dolor morbi');
insert into commentaires (user_id, photo_id, commentaire) values (4, 20, 'volutpat convallis morbi');
insert into commentaires (user_id, photo_id, commentaire) values (28, 45, 'lectus in est risus auctor');
insert into commentaires (user_id, photo_id, commentaire) values (22, 13, 'vel dapibus at diam nam tristique tortor eu');
insert into commentaires (user_id, photo_id, commentaire) values (30, 91, 'id mauris vulputate elementum nullam varius nulla facilisi');

-- like data 500



insert into likes (user_id, photo_id, commentaire-id, like_NoLike) values (4, 53, 17, 0);
insert into likes (user_id, photo_id, commentaire-id, like_NoLike) values (26, 79, 63, 0);
insert into likes (user_id, photo_id, commentaire-id, like_NoLike) values (22, 39, 163, 1);
insert into likes (user_id, photo_id, commentaire-id, like_NoLike) values (10, 95, 180, 0);
insert into likes (user_id, photo_id, commentaire-id, like_NoLike) values (12, 27, 59, 0);
insert into likes (user_id, photo_id, commentaire-id, like_NoLike) values (7, 28, 90, 1);
insert into likes (user_id, photo_id, commentaire-id, like_NoLike) values (4, 78, 168, 0);
insert into likes (user_id, photo_id, commentaire-id, like_NoLike) values (10, 36, 177, 0);
insert into likes (user_id, photo_id, commentaire-id, like_NoLike) values (1, 44, 124, 1);
insert into likes (user_id, photo_id, commentaire-id, like_NoLike) values (28, 89, 160, 0);
insert into likes (user_id, photo_id, commentaire-id, like_NoLike) values (4, 75, 111, 0);
insert into likes (user_id, photo_id, commentaire-id, like_NoLike) values (24, 65, 184, 1);
insert into likes (user_id, photo_id, commentaire-id, like_NoLike) values (18, 5, 134, 1);
insert into likes (user_id, photo_id, commentaire-id, like_NoLike) values (23, 51, 154, 0);
insert into likes (user_id, photo_id, commentaire-id, like_NoLike) values (14, 93, 72, 0);
insert into likes (user_id, photo_id, commentaire-id, like_NoLike) values (10, 83, 162, 1);
insert into likes (user_id, photo_id, commentaire-id, like_NoLike) values (20, 58, 15, 0);
insert into likes (user_id, photo_id, commentaire-id, like_NoLike) values (13, 51, 117, 0);
insert into likes (user_id, photo_id, commentaire-id, like_NoLike) values (26, 23, 19, 0);
insert into likes (user_id, photo_id, commentaire-id, like_NoLike) values (4, 82, 68, 1);
insert into likes (user_id, photo_id, commentaire-id, like_NoLike) values (6, 42, 83, 0);
insert into likes (user_id, photo_id, commentaire-id, like_NoLike) values (14, 29, 102, 0);
insert into likes (user_id, photo_id, commentaire-id, like_NoLike) values (28, 85, 197, 1);
insert into likes (user_id, photo_id, commentaire-id, like_NoLike) values (3, 86, 134, 1);
insert into likes (user_id, photo_id, commentaire-id, like_NoLike) values (28, 76, 142, 0);
insert into likes (user_id, photo_id, commentaire-id, like_NoLike) values (27, 35, 174, 0);
insert into likes (user_id, photo_id, commentaire-id, like_NoLike) values (15, 42, 154, 1);
insert into likes (user_id, photo_id, commentaire-id, like_NoLike) values (9, 11, 196, 1);
insert into likes (user_id, photo_id, commentaire-id, like_NoLike) values (1, 38, 171, 1);
insert into likes (user_id, photo_id, commentaire-id, like_NoLike) values (9, 84, 49, 1);
insert into likes (user_id, photo_id, commentaire-id, like_NoLike) values (18, 73, 177, 0);
insert into likes (user_id, photo_id, commentaire-id, like_NoLike) values (2, 81, 25, 0);
insert into likes (user_id, photo_id, commentaire-id, like_NoLike) values (18, 63, 199, 0);
insert into likes (user_id, photo_id, commentaire-id, like_NoLike) values (22, 37, 169, 0);
insert into likes (user_id, photo_id, commentaire-id, like_NoLike) values (1, 90, 99, 0);
insert into likes (user_id, photo_id, commentaire-id, like_NoLike) values (11, 97, 126, 0);
insert into likes (user_id, photo_id, commentaire-id, like_NoLike) values (17, 1, 133, 1);
insert into likes (user_id, photo_id, commentaire-id, like_NoLike) values (2, 29, 46, 0);
insert into likes (user_id, photo_id, commentaire-id, like_NoLike) values (22, 64, 18, 0);
insert into likes (user_id, photo_id, commentaire-id, like_NoLike) values (7, 66, 1, 0);
insert into likes (user_id, photo_id, commentaire-id, like_NoLike) values (22, 89, 123, 0);
insert into likes (user_id, photo_id, commentaire-id, like_NoLike) values (13, 6, 29, 0);
insert into likes (user_id, photo_id, commentaire-id, like_NoLike) values (13, 70, 103, 1);
insert into likes (user_id, photo_id, commentaire-id, like_NoLike) values (19, 56, 79, 0);
insert into likes (user_id, photo_id, commentaire-id, like_NoLike) values (23, 67, 119, 0);
insert into likes (user_id, photo_id, commentaire-id, like_NoLike) values (8, 36, 44, 1);
insert into likes (user_id, photo_id, commentaire-id, like_NoLike) values (26, 81, 176, 0);
insert into likes (user_id, photo_id, commentaire-id, like_NoLike) values (23, 44, 196, 0);
insert into likes (user_id, photo_id, commentaire-id, like_NoLike) values (6, 88, 10, 0);
insert into likes (user_id, photo_id, commentaire-id, like_NoLike) values (7, 45, 99, 1);
insert into likes (user_id, photo_id, commentaire-id, like_NoLike) values (20, 84, 148, 1);
insert into likes (user_id, photo_id, commentaire-id, like_NoLike) values (27, 54, 81, 0);
insert into likes (user_id, photo_id, commentaire-id, like_NoLike) values (1, 18, 181, 0);
insert into likes (user_id, photo_id, commentaire-id, like_NoLike) values (26, 15, 142, 1);
insert into likes (user_id, photo_id, commentaire-id, like_NoLike) values (4, 31, 75, 1);
insert into likes (user_id, photo_id, commentaire-id, like_NoLike) values (27, 48, 153, 0);
insert into likes (user_id, photo_id, commentaire-id, like_NoLike) values (16, 25, 153, 0);
insert into likes (user_id, photo_id, commentaire-id, like_NoLike) values (18, 90, 102, 1);
insert into likes (user_id, photo_id, commentaire-id, like_NoLike) values (28, 28, 27, 1);
insert into likes (user_id, photo_id, commentaire-id, like_NoLike) values (15, 15, 126, 0);
insert into likes (user_id, photo_id, commentaire-id, like_NoLike) values (12, 54, 79, 0);
insert into likes (user_id, photo_id, commentaire-id, like_NoLike) values (9, 86, 169, 1);
insert into likes (user_id, photo_id, commentaire-id, like_NoLike) values (9, 82, 48, 0);
insert into likes (user_id, photo_id, commentaire-id, like_NoLike) values (15, 88, 182, 0);
insert into likes (user_id, photo_id, commentaire-id, like_NoLike) values (21, 95, 60, 0);
insert into likes (user_id, photo_id, commentaire-id, like_NoLike) values (4, 80, 53, 1);
insert into likes (user_id, photo_id, commentaire-id, like_NoLike) values (14, 43, 164, 1);
insert into likes (user_id, photo_id, commentaire-id, like_NoLike) values (19, 80, 8, 1);
insert into likes (user_id, photo_id, commentaire-id, like_NoLike) values (3, 26, 169, 0);
insert into likes (user_id, photo_id, commentaire-id, like_NoLike) values (12, 94, 75, 1);
insert into likes (user_id, photo_id, commentaire-id, like_NoLike) values (17, 90, 184, 1);
insert into likes (user_id, photo_id, commentaire-id, like_NoLike) values (28, 24, 151, 1);
insert into likes (user_id, photo_id, commentaire-id, like_NoLike) values (6, 2, 159, 1);
insert into likes (user_id, photo_id, commentaire-id, like_NoLike) values (20, 47, 19, 1);
insert into likes (user_id, photo_id, commentaire-id, like_NoLike) values (5, 40, 120, 0);
insert into likes (user_id, photo_id, commentaire-id, like_NoLike) values (3, 51, 84, 0);
insert into likes (user_id, photo_id, commentaire-id, like_NoLike) values (14, 47, 34, 0);
insert into likes (user_id, photo_id, commentaire-id, like_NoLike) values (13, 36, 99, 1);
insert into likes (user_id, photo_id, commentaire-id, like_NoLike) values (3, 88, 19, 1);
insert into likes (user_id, photo_id, commentaire-id, like_NoLike) values (10, 32, 78, 0);
insert into likes (user_id, photo_id, commentaire-id, like_NoLike) values (20, 53, 126, 0);
insert into likes (user_id, photo_id, commentaire-id, like_NoLike) values (19, 91, 48, 1);
insert into likes (user_id, photo_id, commentaire-id, like_NoLike) values (12, 20, 123, 1);
insert into likes (user_id, photo_id, commentaire-id, like_NoLike) values (25, 72, 38, 0);
insert into likes (user_id, photo_id, commentaire-id, like_NoLike) values (27, 89, 113, 1);
insert into likes (user_id, photo_id, commentaire-id, like_NoLike) values (20, 14, 125, 0);
insert into likes (user_id, photo_id, commentaire-id, like_NoLike) values (26, 15, 144, 1);
insert into likes (user_id, photo_id, commentaire-id, like_NoLike) values (25, 84, 88, 0);
insert into likes (user_id, photo_id, commentaire-id, like_NoLike) values (25, 65, 15, 1);
insert into likes (user_id, photo_id, commentaire-id, like_NoLike) values (7, 98, 185, 0);
insert into likes (user_id, photo_id, commentaire-id, like_NoLike) values (1, 58, 191, 0);
insert into likes (user_id, photo_id, commentaire-id, like_NoLike) values (21, 10, 136, 1);
insert into likes (user_id, photo_id, commentaire-id, like_NoLike) values (6, 55, 135, 0);
insert into likes (user_id, photo_id, commentaire-id, like_NoLike) values (23, 28, 195, 0);
insert into likes (user_id, photo_id, commentaire-id, like_NoLike) values (20, 62, 86, 0);
insert into likes (user_id, photo_id, commentaire-id, like_NoLike) values (4, 47, 8, 1);
insert into likes (user_id, photo_id, commentaire-id, like_NoLike) values (23, 85, 165, 1);
insert into likes (user_id, photo_id, commentaire-id, like_NoLike) values (9, 31, 176, 1);
insert into likes (user_id, photo_id, commentaire-id, like_NoLike) values (9, 96, 14, 0);
insert into likes (user_id, photo_id, commentaire-id, like_NoLike) values (21, 89, 28, 1);
insert into likes (user_id, photo_id, commentaire-id, like_NoLike) values (28, 28, 171, 1);
insert into likes (user_id, photo_id, commentaire-id, like_NoLike) values (12, 13, 37, 0);
insert into likes (user_id, photo_id, commentaire-id, like_NoLike) values (18, 49, 189, 0);
insert into likes (user_id, photo_id, commentaire-id, like_NoLike) values (15, 2, 94, 0);
insert into likes (user_id, photo_id, commentaire-id, like_NoLike) values (5, 49, 32, 1);
insert into likes (user_id, photo_id, commentaire-id, like_NoLike) values (6, 19, 193, 0);
insert into likes (user_id, photo_id, commentaire-id, like_NoLike) values (22, 35, 167, 0);
insert into likes (user_id, photo_id, commentaire-id, like_NoLike) values (3, 63, 12, 0);
insert into likes (user_id, photo_id, commentaire-id, like_NoLike) values (17, 89, 171, 1);
insert into likes (user_id, photo_id, commentaire-id, like_NoLike) values (5, 12, 1, 1);
insert into likes (user_id, photo_id, commentaire-id, like_NoLike) values (11, 5, 8, 1);
insert into likes (user_id, photo_id, commentaire-id, like_NoLike) values (1, 52, 77, 1);
insert into likes (user_id, photo_id, commentaire-id, like_NoLike) values (10, 62, 194, 1);
insert into likes (user_id, photo_id, commentaire-id, like_NoLike) values (2, 14, 158, 0);
insert into likes (user_id, photo_id, commentaire-id, like_NoLike) values (29, 64, 140, 1);
insert into likes (user_id, photo_id, commentaire-id, like_NoLike) values (1, 6, 36, 1);
insert into likes (user_id, photo_id, commentaire-id, like_NoLike) values (7, 72, 50, 0);
insert into likes (user_id, photo_id, commentaire-id, like_NoLike) values (14, 39, 52, 0);
insert into likes (user_id, photo_id, commentaire-id, like_NoLike) values (8, 52, 39, 1);
insert into likes (user_id, photo_id, commentaire-id, like_NoLike) values (29, 17, 118, 0);
insert into likes (user_id, photo_id, commentaire-id, like_NoLike) values (23, 91, 119, 0);
insert into likes (user_id, photo_id, commentaire-id, like_NoLike) values (1, 44, 113, 0);
insert into likes (user_id, photo_id, commentaire-id, like_NoLike) values (24, 31, 77, 0);
insert into likes (user_id, photo_id, commentaire-id, like_NoLike) values (25, 12, 114, 1);
insert into likes (user_id, photo_id, commentaire-id, like_NoLike) values (25, 20, 1, 0);
insert into likes (user_id, photo_id, commentaire-id, like_NoLike) values (25, 1, 104, 0);
insert into likes (user_id, photo_id, commentaire-id, like_NoLike) values (23, 93, 98, 1);
insert into likes (user_id, photo_id, commentaire-id, like_NoLike) values (11, 25, 195, 1);
insert into likes (user_id, photo_id, commentaire-id, like_NoLike) values (8, 20, 156, 1);
insert into likes (user_id, photo_id, commentaire-id, like_NoLike) values (26, 30, 100, 0);
insert into likes (user_id, photo_id, commentaire-id, like_NoLike) values (8, 97, 103, 0);
insert into likes (user_id, photo_id, commentaire-id, like_NoLike) values (9, 53, 160, 1);
insert into likes (user_id, photo_id, commentaire-id, like_NoLike) values (20, 96, 53, 1);
insert into likes (user_id, photo_id, commentaire-id, like_NoLike) values (15, 15, 73, 0);
insert into likes (user_id, photo_id, commentaire-id, like_NoLike) values (25, 19, 82, 0);
insert into likes (user_id, photo_id, commentaire-id, like_NoLike) values (7, 98, 192, 0);
insert into likes (user_id, photo_id, commentaire-id, like_NoLike) values (25, 41, 101, 1);
insert into likes (user_id, photo_id, commentaire-id, like_NoLike) values (14, 15, 93, 0);
insert into likes (user_id, photo_id, commentaire-id, like_NoLike) values (1, 98, 7, 0);
insert into likes (user_id, photo_id, commentaire-id, like_NoLike) values (7, 57, 85, 0);
insert into likes (user_id, photo_id, commentaire-id, like_NoLike) values (28, 51, 138, 0);
insert into likes (user_id, photo_id, commentaire-id, like_NoLike) values (17, 91, 198, 0);
insert into likes (user_id, photo_id, commentaire-id, like_NoLike) values (25, 79, 54, 1);
insert into likes (user_id, photo_id, commentaire-id, like_NoLike) values (21, 33, 100, 0);
insert into likes (user_id, photo_id, commentaire-id, like_NoLike) values (29, 55, 44, 1);
insert into likes (user_id, photo_id, commentaire-id, like_NoLike) values (18, 85, 185, 0);
insert into likes (user_id, photo_id, commentaire-id, like_NoLike) values (6, 42, 123, 0);
insert into likes (user_id, photo_id, commentaire-id, like_NoLike) values (2, 1, 156, 1);
insert into likes (user_id, photo_id, commentaire-id, like_NoLike) values (25, 51, 94, 1);
insert into likes (user_id, photo_id, commentaire-id, like_NoLike) values (18, 72, 76, 1);
insert into likes (user_id, photo_id, commentaire-id, like_NoLike) values (12, 63, 6, 0);
insert into likes (user_id, photo_id, commentaire-id, like_NoLike) values (8, 49, 165, 1);
insert into likes (user_id, photo_id, commentaire-id, like_NoLike) values (12, 62, 118, 0);
insert into likes (user_id, photo_id, commentaire-id, like_NoLike) values (9, 82, 11, 0);
insert into likes (user_id, photo_id, commentaire-id, like_NoLike) values (29, 9, 43, 1);
insert into likes (user_id, photo_id, commentaire-id, like_NoLike) values (10, 62, 13, 0);
insert into likes (user_id, photo_id, commentaire-id, like_NoLike) values (2, 5, 62, 0);
insert into likes (user_id, photo_id, commentaire-id, like_NoLike) values (16, 15, 63, 1);
insert into likes (user_id, photo_id, commentaire-id, like_NoLike) values (15, 14, 150, 1);
insert into likes (user_id, photo_id, commentaire-id, like_NoLike) values (9, 37, 67, 0);
insert into likes (user_id, photo_id, commentaire-id, like_NoLike) values (21, 57, 196, 1);
insert into likes (user_id, photo_id, commentaire-id, like_NoLike) values (6, 46, 85, 1);
insert into likes (user_id, photo_id, commentaire-id, like_NoLike) values (9, 83, 55, 0);
insert into likes (user_id, photo_id, commentaire-id, like_NoLike) values (1, 80, 149, 1);
insert into likes (user_id, photo_id, commentaire-id, like_NoLike) values (7, 20, 165, 1);
insert into likes (user_id, photo_id, commentaire-id, like_NoLike) values (13, 38, 146, 1);
insert into likes (user_id, photo_id, commentaire-id, like_NoLike) values (23, 80, 104, 0);
insert into likes (user_id, photo_id, commentaire-id, like_NoLike) values (8, 32, 107, 0);
insert into likes (user_id, photo_id, commentaire-id, like_NoLike) values (12, 10, 168, 0);
insert into likes (user_id, photo_id, commentaire-id, like_NoLike) values (16, 80, 51, 1);
insert into likes (user_id, photo_id, commentaire-id, like_NoLike) values (22, 85, 19, 0);
insert into likes (user_id, photo_id, commentaire-id, like_NoLike) values (22, 81, 84, 1);
insert into likes (user_id, photo_id, commentaire-id, like_NoLike) values (4, 68, 60, 0);
insert into likes (user_id, photo_id, commentaire-id, like_NoLike) values (23, 2, 141, 1);
insert into likes (user_id, photo_id, commentaire-id, like_NoLike) values (6, 45, 4, 0);
insert into likes (user_id, photo_id, commentaire-id, like_NoLike) values (23, 15, 53, 0);
insert into likes (user_id, photo_id, commentaire-id, like_NoLike) values (8, 76, 42, 1);
insert into likes (user_id, photo_id, commentaire-id, like_NoLike) values (25, 89, 139, 0);
insert into likes (user_id, photo_id, commentaire-id, like_NoLike) values (11, 87, 10, 0);
insert into likes (user_id, photo_id, commentaire-id, like_NoLike) values (9, 62, 38, 0);
insert into likes (user_id, photo_id, commentaire-id, like_NoLike) values (7, 17, 175, 0);
insert into likes (user_id, photo_id, commentaire-id, like_NoLike) values (16, 82, 173, 0);
insert into likes (user_id, photo_id, commentaire-id, like_NoLike) values (25, 47, 149, 1);
insert into likes (user_id, photo_id, commentaire-id, like_NoLike) values (3, 83, 71, 0);
insert into likes (user_id, photo_id, commentaire-id, like_NoLike) values (13, 39, 63, 0);
insert into likes (user_id, photo_id, commentaire-id, like_NoLike) values (29, 63, 40, 1);
insert into likes (user_id, photo_id, commentaire-id, like_NoLike) values (7, 44, 35, 0);
insert into likes (user_id, photo_id, commentaire-id, like_NoLike) values (20, 80, 140, 1);
insert into likes (user_id, photo_id, commentaire-id, like_NoLike) values (17, 59, 65, 1);
insert into likes (user_id, photo_id, commentaire-id, like_NoLike) values (22, 95, 86, 0);
insert into likes (user_id, photo_id, commentaire-id, like_NoLike) values (6, 13, 94, 1);
insert into likes (user_id, photo_id, commentaire-id, like_NoLike) values (28, 66, 164, 1);
insert into likes (user_id, photo_id, commentaire-id, like_NoLike) values (28, 59, 116, 0);
insert into likes (user_id, photo_id, commentaire-id, like_NoLike) values (27, 81, 20, 0);
insert into likes (user_id, photo_id, commentaire-id, like_NoLike) values (4, 5, 153, 1);
insert into likes (user_id, photo_id, commentaire-id, like_NoLike) values (15, 88, 102, 0);
insert into likes (user_id, photo_id, commentaire-id, like_NoLike) values (22, 96, 144, 0);
insert into likes (user_id, photo_id, commentaire-id, like_NoLike) values (2, 98, 104, 0);
insert into likes (user_id, photo_id, commentaire-id, like_NoLike) values (1, 58, 198, 0);
insert into likes (user_id, photo_id, commentaire-id, like_NoLike) values (8, 9, 35, 1);
insert into likes (user_id, photo_id, commentaire-id, like_NoLike) values (30, 5, 123, 0);
insert into likes (user_id, photo_id, commentaire-id, like_NoLike) values (25, 93, 98, 0);
insert into likes (user_id, photo_id, commentaire-id, like_NoLike) values (20, 39, 171, 0);
insert into likes (user_id, photo_id, commentaire-id, like_NoLike) values (27, 100, 74, 1);
insert into likes (user_id, photo_id, commentaire-id, like_NoLike) values (29, 85, 190, 1);
insert into likes (user_id, photo_id, commentaire-id, like_NoLike) values (17, 92, 155, 1);
insert into likes (user_id, photo_id, commentaire-id, like_NoLike) values (26, 54, 44, 0);
insert into likes (user_id, photo_id, commentaire-id, like_NoLike) values (23, 81, 85, 1);
insert into likes (user_id, photo_id, commentaire-id, like_NoLike) values (26, 67, 197, 1);
insert into likes (user_id, photo_id, commentaire-id, like_NoLike) values (23, 96, 162, 1);
insert into likes (user_id, photo_id, commentaire-id, like_NoLike) values (13, 63, 150, 0);
insert into likes (user_id, photo_id, commentaire-id, like_NoLike) values (19, 96, 69, 1);
insert into likes (user_id, photo_id, commentaire-id, like_NoLike) values (20, 70, 147, 1);
insert into likes (user_id, photo_id, commentaire-id, like_NoLike) values (9, 50, 82, 0);
insert into likes (user_id, photo_id, commentaire-id, like_NoLike) values (15, 79, 51, 0);
insert into likes (user_id, photo_id, commentaire-id, like_NoLike) values (18, 50, 65, 1);
insert into likes (user_id, photo_id, commentaire-id, like_NoLike) values (19, 45, 97, 0);
insert into likes (user_id, photo_id, commentaire-id, like_NoLike) values (8, 24, 148, 0);
insert into likes (user_id, photo_id, commentaire-id, like_NoLike) values (16, 31, 88, 0);
insert into likes (user_id, photo_id, commentaire-id, like_NoLike) values (30, 1, 40, 0);
insert into likes (user_id, photo_id, commentaire-id, like_NoLike) values (12, 99, 57, 1);
insert into likes (user_id, photo_id, commentaire-id, like_NoLike) values (25, 65, 189, 1);
insert into likes (user_id, photo_id, commentaire-id, like_NoLike) values (19, 98, 115, 0);
insert into likes (user_id, photo_id, commentaire-id, like_NoLike) values (22, 28, 93, 1);
insert into likes (user_id, photo_id, commentaire-id, like_NoLike) values (30, 65, 196, 1);
insert into likes (user_id, photo_id, commentaire-id, like_NoLike) values (25, 50, 74, 1);
insert into likes (user_id, photo_id, commentaire-id, like_NoLike) values (3, 56, 27, 0);
insert into likes (user_id, photo_id, commentaire-id, like_NoLike) values (13, 73, 57, 1);
insert into likes (user_id, photo_id, commentaire-id, like_NoLike) values (15, 76, 166, 1);
insert into likes (user_id, photo_id, commentaire-id, like_NoLike) values (30, 27, 112, 0);
insert into likes (user_id, photo_id, commentaire-id, like_NoLike) values (5, 10, 162, 1);
insert into likes (user_id, photo_id, commentaire-id, like_NoLike) values (18, 48, 41, 0);
insert into likes (user_id, photo_id, commentaire-id, like_NoLike) values (2, 21, 16, 1);
insert into likes (user_id, photo_id, commentaire-id, like_NoLike) values (29, 14, 183, 0);
insert into likes (user_id, photo_id, commentaire-id, like_NoLike) values (4, 67, 95, 1);
insert into likes (user_id, photo_id, commentaire-id, like_NoLike) values (13, 73, 199, 1);
insert into likes (user_id, photo_id, commentaire-id, like_NoLike) values (20, 71, 165, 0);
insert into likes (user_id, photo_id, commentaire-id, like_NoLike) values (25, 51, 106, 0);
insert into likes (user_id, photo_id, commentaire-id, like_NoLike) values (9, 70, 40, 0);
insert into likes (user_id, photo_id, commentaire-id, like_NoLike) values (7, 72, 123, 1);
insert into likes (user_id, photo_id, commentaire-id, like_NoLike) values (9, 20, 111, 1);
insert into likes (user_id, photo_id, commentaire-id, like_NoLike) values (14, 74, 85, 0);
insert into likes (user_id, photo_id, commentaire-id, like_NoLike) values (21, 15, 71, 0);
insert into likes (user_id, photo_id, commentaire-id, like_NoLike) values (17, 28, 195, 1);
insert into likes (user_id, photo_id, commentaire-id, like_NoLike) values (21, 77, 170, 1);
insert into likes (user_id, photo_id, commentaire-id, like_NoLike) values (15, 26, 50, 1);
insert into likes (user_id, photo_id, commentaire-id, like_NoLike) values (1, 54, 68, 1);
insert into likes (user_id, photo_id, commentaire-id, like_NoLike) values (30, 75, 23, 0);
insert into likes (user_id, photo_id, commentaire-id, like_NoLike) values (14, 56, 4, 0);
insert into likes (user_id, photo_id, commentaire-id, like_NoLike) values (12, 4, 194, 0);
insert into likes (user_id, photo_id, commentaire-id, like_NoLike) values (3, 69, 51, 1);
insert into likes (user_id, photo_id, commentaire-id, like_NoLike) values (6, 93, 48, 1);
insert into likes (user_id, photo_id, commentaire-id, like_NoLike) values (4, 67, 38, 1);
insert into likes (user_id, photo_id, commentaire-id, like_NoLike) values (9, 92, 174, 0);
insert into likes (user_id, photo_id, commentaire-id, like_NoLike) values (21, 30, 188, 1);
insert into likes (user_id, photo_id, commentaire-id, like_NoLike) values (6, 23, 67, 1);
insert into likes (user_id, photo_id, commentaire-id, like_NoLike) values (24, 90, 148, 1);
insert into likes (user_id, photo_id, commentaire-id, like_NoLike) values (5, 76, 6, 1);
insert into likes (user_id, photo_id, commentaire-id, like_NoLike) values (16, 35, 156, 1);
insert into likes (user_id, photo_id, commentaire-id, like_NoLike) values (20, 83, 104, 1);
insert into likes (user_id, photo_id, commentaire-id, like_NoLike) values (18, 59, 45, 0);
insert into likes (user_id, photo_id, commentaire-id, like_NoLike) values (12, 84, 7, 1);
insert into likes (user_id, photo_id, commentaire-id, like_NoLike) values (2, 48, 187, 1);
insert into likes (user_id, photo_id, commentaire-id, like_NoLike) values (26, 75, 11, 0);
insert into likes (user_id, photo_id, commentaire-id, like_NoLike) values (2, 60, 54, 1);
insert into likes (user_id, photo_id, commentaire-id, like_NoLike) values (11, 22, 105, 1);
insert into likes (user_id, photo_id, commentaire-id, like_NoLike) values (19, 77, 172, 0);
insert into likes (user_id, photo_id, commentaire-id, like_NoLike) values (13, 94, 185, 1);
insert into likes (user_id, photo_id, commentaire-id, like_NoLike) values (3, 23, 181, 0);
insert into likes (user_id, photo_id, commentaire-id, like_NoLike) values (21, 59, 157, 0);
insert into likes (user_id, photo_id, commentaire-id, like_NoLike) values (25, 48, 139, 0);
insert into likes (user_id, photo_id, commentaire-id, like_NoLike) values (16, 94, 199, 1);
insert into likes (user_id, photo_id, commentaire-id, like_NoLike) values (2, 52, 92, 0);
insert into likes (user_id, photo_id, commentaire-id, like_NoLike) values (15, 57, 16, 1);
insert into likes (user_id, photo_id, commentaire-id, like_NoLike) values (7, 68, 191, 0);
insert into likes (user_id, photo_id, commentaire-id, like_NoLike) values (22, 24, 32, 0);
insert into likes (user_id, photo_id, commentaire-id, like_NoLike) values (21, 44, 52, 0);
insert into likes (user_id, photo_id, commentaire-id, like_NoLike) values (14, 48, 10, 1);
insert into likes (user_id, photo_id, commentaire-id, like_NoLike) values (14, 32, 119, 1);
insert into likes (user_id, photo_id, commentaire-id, like_NoLike) values (10, 43, 126, 0);
insert into likes (user_id, photo_id, commentaire-id, like_NoLike) values (9, 25, 174, 1);
insert into likes (user_id, photo_id, commentaire-id, like_NoLike) values (3, 11, 51, 1);
insert into likes (user_id, photo_id, commentaire-id, like_NoLike) values (6, 30, 88, 1);
insert into likes (user_id, photo_id, commentaire-id, like_NoLike) values (22, 44, 8, 0);
insert into likes (user_id, photo_id, commentaire-id, like_NoLike) values (8, 5, 129, 1);
insert into likes (user_id, photo_id, commentaire-id, like_NoLike) values (10, 68, 141, 0);
insert into likes (user_id, photo_id, commentaire-id, like_NoLike) values (18, 69, 67, 0);
insert into likes (user_id, photo_id, commentaire-id, like_NoLike) values (18, 41, 93, 0);
insert into likes (user_id, photo_id, commentaire-id, like_NoLike) values (4, 69, 31, 1);
insert into likes (user_id, photo_id, commentaire-id, like_NoLike) values (28, 29, 36, 1);
insert into likes (user_id, photo_id, commentaire-id, like_NoLike) values (5, 18, 190, 1);
insert into likes (user_id, photo_id, commentaire-id, like_NoLike) values (2, 77, 35, 1);
insert into likes (user_id, photo_id, commentaire-id, like_NoLike) values (7, 35, 91, 0);
insert into likes (user_id, photo_id, commentaire-id, like_NoLike) values (12, 57, 8, 1);
insert into likes (user_id, photo_id, commentaire-id, like_NoLike) values (25, 50, 14, 1);
insert into likes (user_id, photo_id, commentaire-id, like_NoLike) values (18, 76, 193, 1);
insert into likes (user_id, photo_id, commentaire-id, like_NoLike) values (2, 37, 105, 0);
insert into likes (user_id, photo_id, commentaire-id, like_NoLike) values (21, 3, 187, 1);
insert into likes (user_id, photo_id, commentaire-id, like_NoLike) values (2, 29, 79, 0);
insert into likes (user_id, photo_id, commentaire-id, like_NoLike) values (19, 93, 59, 0);
insert into likes (user_id, photo_id, commentaire-id, like_NoLike) values (24, 53, 152, 1);
insert into likes (user_id, photo_id, commentaire-id, like_NoLike) values (4, 66, 63, 1);
insert into likes (user_id, photo_id, commentaire-id, like_NoLike) values (30, 7, 150, 1);
insert into likes (user_id, photo_id, commentaire-id, like_NoLike) values (1, 14, 67, 1);
insert into likes (user_id, photo_id, commentaire-id, like_NoLike) values (8, 20, 115, 1);
insert into likes (user_id, photo_id, commentaire-id, like_NoLike) values (28, 66, 155, 0);
insert into likes (user_id, photo_id, commentaire-id, like_NoLike) values (28, 8, 27, 0);
insert into likes (user_id, photo_id, commentaire-id, like_NoLike) values (9, 85, 25, 0);
insert into likes (user_id, photo_id, commentaire-id, like_NoLike) values (15, 57, 178, 0);
insert into likes (user_id, photo_id, commentaire-id, like_NoLike) values (8, 89, 175, 0);
insert into likes (user_id, photo_id, commentaire-id, like_NoLike) values (29, 45, 7, 1);
insert into likes (user_id, photo_id, commentaire-id, like_NoLike) values (28, 85, 161, 1);
insert into likes (user_id, photo_id, commentaire-id, like_NoLike) values (21, 54, 60, 1);
insert into likes (user_id, photo_id, commentaire-id, like_NoLike) values (23, 41, 119, 1);
insert into likes (user_id, photo_id, commentaire-id, like_NoLike) values (9, 94, 43, 1);
insert into likes (user_id, photo_id, commentaire-id, like_NoLike) values (21, 47, 105, 0);
insert into likes (user_id, photo_id, commentaire-id, like_NoLike) values (12, 51, 99, 1);
insert into likes (user_id, photo_id, commentaire-id, like_NoLike) values (17, 77, 162, 1);
insert into likes (user_id, photo_id, commentaire-id, like_NoLike) values (15, 23, 62, 1);
insert into likes (user_id, photo_id, commentaire-id, like_NoLike) values (30, 36, 181, 1);
insert into likes (user_id, photo_id, commentaire-id, like_NoLike) values (17, 14, 196, 1);
insert into likes (user_id, photo_id, commentaire-id, like_NoLike) values (22, 93, 52, 1);
insert into likes (user_id, photo_id, commentaire-id, like_NoLike) values (18, 12, 123, 1);
insert into likes (user_id, photo_id, commentaire-id, like_NoLike) values (24, 68, 157, 1);
insert into likes (user_id, photo_id, commentaire-id, like_NoLike) values (10, 75, 159, 0);
insert into likes (user_id, photo_id, commentaire-id, like_NoLike) values (28, 48, 11, 1);
insert into likes (user_id, photo_id, commentaire-id, like_NoLike) values (10, 66, 120, 1);
insert into likes (user_id, photo_id, commentaire-id, like_NoLike) values (3, 77, 189, 0);
insert into likes (user_id, photo_id, commentaire-id, like_NoLike) values (20, 50, 150, 1);
insert into likes (user_id, photo_id, commentaire-id, like_NoLike) values (26, 20, 181, 0);
insert into likes (user_id, photo_id, commentaire-id, like_NoLike) values (14, 93, 119, 1);
insert into likes (user_id, photo_id, commentaire-id, like_NoLike) values (5, 80, 100, 0);
insert into likes (user_id, photo_id, commentaire-id, like_NoLike) values (24, 73, 155, 1);
insert into likes (user_id, photo_id, commentaire-id, like_NoLike) values (5, 38, 71, 1);
insert into likes (user_id, photo_id, commentaire-id, like_NoLike) values (13, 63, 14, 1);
insert into likes (user_id, photo_id, commentaire-id, like_NoLike) values (24, 5, 130, 1);
insert into likes (user_id, photo_id, commentaire-id, like_NoLike) values (20, 7, 187, 1);
insert into likes (user_id, photo_id, commentaire-id, like_NoLike) values (16, 62, 34, 1);
insert into likes (user_id, photo_id, commentaire-id, like_NoLike) values (24, 92, 148, 1);
insert into likes (user_id, photo_id, commentaire-id, like_NoLike) values (23, 21, 144, 1);
insert into likes (user_id, photo_id, commentaire-id, like_NoLike) values (16, 96, 186, 0);
insert into likes (user_id, photo_id, commentaire-id, like_NoLike) values (2, 12, 191, 1);
insert into likes (user_id, photo_id, commentaire-id, like_NoLike) values (13, 91, 189, 1);
insert into likes (user_id, photo_id, commentaire-id, like_NoLike) values (25, 91, 111, 0);
insert into likes (user_id, photo_id, commentaire-id, like_NoLike) values (25, 68, 123, 0);
insert into likes (user_id, photo_id, commentaire-id, like_NoLike) values (23, 69, 119, 0);
insert into likes (user_id, photo_id, commentaire-id, like_NoLike) values (16, 33, 25, 0);
insert into likes (user_id, photo_id, commentaire-id, like_NoLike) values (19, 40, 97, 1);
insert into likes (user_id, photo_id, commentaire-id, like_NoLike) values (24, 54, 188, 1);
insert into likes (user_id, photo_id, commentaire-id, like_NoLike) values (14, 29, 174, 0);
insert into likes (user_id, photo_id, commentaire-id, like_NoLike) values (26, 6, 130, 0);
insert into likes (user_id, photo_id, commentaire-id, like_NoLike) values (5, 8, 14, 1);
insert into likes (user_id, photo_id, commentaire-id, like_NoLike) values (9, 21, 60, 0);
insert into likes (user_id, photo_id, commentaire-id, like_NoLike) values (4, 100, 92, 1);
insert into likes (user_id, photo_id, commentaire-id, like_NoLike) values (11, 25, 53, 0);
insert into likes (user_id, photo_id, commentaire-id, like_NoLike) values (30, 73, 172, 1);
insert into likes (user_id, photo_id, commentaire-id, like_NoLike) values (24, 88, 61, 0);
insert into likes (user_id, photo_id, commentaire-id, like_NoLike) values (15, 57, 68, 1);
insert into likes (user_id, photo_id, commentaire-id, like_NoLike) values (9, 56, 143, 0);
insert into likes (user_id, photo_id, commentaire-id, like_NoLike) values (4, 65, 112, 0);
insert into likes (user_id, photo_id, commentaire-id, like_NoLike) values (10, 29, 85, 1);
insert into likes (user_id, photo_id, commentaire-id, like_NoLike) values (20, 47, 127, 1);
insert into likes (user_id, photo_id, commentaire-id, like_NoLike) values (16, 29, 81, 0);
insert into likes (user_id, photo_id, commentaire-id, like_NoLike) values (9, 92, 13, 0);
insert into likes (user_id, photo_id, commentaire-id, like_NoLike) values (20, 36, 189, 0);
insert into likes (user_id, photo_id, commentaire-id, like_NoLike) values (20, 15, 93, 1);
insert into likes (user_id, photo_id, commentaire-id, like_NoLike) values (17, 87, 157, 0);
insert into likes (user_id, photo_id, commentaire-id, like_NoLike) values (26, 28, 167, 1);
insert into likes (user_id, photo_id, commentaire-id, like_NoLike) values (9, 54, 163, 0);
insert into likes (user_id, photo_id, commentaire-id, like_NoLike) values (20, 64, 76, 1);
insert into likes (user_id, photo_id, commentaire-id, like_NoLike) values (27, 2, 87, 1);
insert into likes (user_id, photo_id, commentaire-id, like_NoLike) values (17, 60, 173, 0);
insert into likes (user_id, photo_id, commentaire-id, like_NoLike) values (26, 32, 33, 1);
insert into likes (user_id, photo_id, commentaire-id, like_NoLike) values (20, 41, 165, 0);
insert into likes (user_id, photo_id, commentaire-id, like_NoLike) values (21, 86, 16, 1);
insert into likes (user_id, photo_id, commentaire-id, like_NoLike) values (14, 4, 6, 1);
insert into likes (user_id, photo_id, commentaire-id, like_NoLike) values (3, 5, 38, 0);
insert into likes (user_id, photo_id, commentaire-id, like_NoLike) values (8, 4, 38, 1);
insert into likes (user_id, photo_id, commentaire-id, like_NoLike) values (24, 83, 145, 1);
insert into likes (user_id, photo_id, commentaire-id, like_NoLike) values (23, 52, 189, 1);
insert into likes (user_id, photo_id, commentaire-id, like_NoLike) values (8, 49, 115, 1);
insert into likes (user_id, photo_id, commentaire-id, like_NoLike) values (2, 76, 111, 1);
insert into likes (user_id, photo_id, commentaire-id, like_NoLike) values (30, 84, 104, 1);
insert into likes (user_id, photo_id, commentaire-id, like_NoLike) values (16, 81, 21, 1);
insert into likes (user_id, photo_id, commentaire-id, like_NoLike) values (6, 23, 164, 0);
insert into likes (user_id, photo_id, commentaire-id, like_NoLike) values (6, 23, 191, 0);
insert into likes (user_id, photo_id, commentaire-id, like_NoLike) values (17, 30, 121, 1);
insert into likes (user_id, photo_id, commentaire-id, like_NoLike) values (27, 46, 119, 1);
insert into likes (user_id, photo_id, commentaire-id, like_NoLike) values (15, 39, 104, 0);
insert into likes (user_id, photo_id, commentaire-id, like_NoLike) values (22, 43, 113, 1);
insert into likes (user_id, photo_id, commentaire-id, like_NoLike) values (18, 69, 39, 0);
insert into likes (user_id, photo_id, commentaire-id, like_NoLike) values (2, 84, 198, 1);
insert into likes (user_id, photo_id, commentaire-id, like_NoLike) values (20, 75, 72, 0);
insert into likes (user_id, photo_id, commentaire-id, like_NoLike) values (13, 69, 174, 0);
insert into likes (user_id, photo_id, commentaire-id, like_NoLike) values (23, 53, 70, 0);
insert into likes (user_id, photo_id, commentaire-id, like_NoLike) values (3, 50, 99, 0);
insert into likes (user_id, photo_id, commentaire-id, like_NoLike) values (28, 4, 185, 1);
insert into likes (user_id, photo_id, commentaire-id, like_NoLike) values (13, 70, 127, 0);
insert into likes (user_id, photo_id, commentaire-id, like_NoLike) values (1, 23, 49, 0);
insert into likes (user_id, photo_id, commentaire-id, like_NoLike) values (30, 48, 200, 0);
insert into likes (user_id, photo_id, commentaire-id, like_NoLike) values (20, 66, 71, 0);
insert into likes (user_id, photo_id, commentaire-id, like_NoLike) values (12, 38, 83, 0);
insert into likes (user_id, photo_id, commentaire-id, like_NoLike) values (29, 20, 4, 1);
insert into likes (user_id, photo_id, commentaire-id, like_NoLike) values (6, 87, 97, 0);
insert into likes (user_id, photo_id, commentaire-id, like_NoLike) values (11, 98, 142, 0);
insert into likes (user_id, photo_id, commentaire-id, like_NoLike) values (15, 14, 174, 0);
insert into likes (user_id, photo_id, commentaire-id, like_NoLike) values (8, 79, 176, 0);
insert into likes (user_id, photo_id, commentaire-id, like_NoLike) values (20, 67, 145, 0);
insert into likes (user_id, photo_id, commentaire-id, like_NoLike) values (8, 83, 172, 1);
insert into likes (user_id, photo_id, commentaire-id, like_NoLike) values (20, 9, 60, 0);
insert into likes (user_id, photo_id, commentaire-id, like_NoLike) values (28, 3, 185, 0);
insert into likes (user_id, photo_id, commentaire-id, like_NoLike) values (29, 31, 183, 1);
insert into likes (user_id, photo_id, commentaire-id, like_NoLike) values (28, 100, 101, 0);
insert into likes (user_id, photo_id, commentaire-id, like_NoLike) values (6, 96, 189, 1);
insert into likes (user_id, photo_id, commentaire-id, like_NoLike) values (24, 98, 65, 0);
insert into likes (user_id, photo_id, commentaire-id, like_NoLike) values (30, 21, 10, 0);
insert into likes (user_id, photo_id, commentaire-id, like_NoLike) values (29, 43, 88, 1);
insert into likes (user_id, photo_id, commentaire-id, like_NoLike) values (23, 52, 22, 1);
insert into likes (user_id, photo_id, commentaire-id, like_NoLike) values (22, 51, 96, 0);
insert into likes (user_id, photo_id, commentaire-id, like_NoLike) values (29, 35, 116, 1);
insert into likes (user_id, photo_id, commentaire-id, like_NoLike) values (24, 52, 116, 1);
insert into likes (user_id, photo_id, commentaire-id, like_NoLike) values (6, 69, 17, 1);
insert into likes (user_id, photo_id, commentaire-id, like_NoLike) values (4, 22, 109, 0);
insert into likes (user_id, photo_id, commentaire-id, like_NoLike) values (20, 31, 115, 1);
insert into likes (user_id, photo_id, commentaire-id, like_NoLike) values (22, 25, 110, 0);
insert into likes (user_id, photo_id, commentaire-id, like_NoLike) values (14, 16, 48, 0);
insert into likes (user_id, photo_id, commentaire-id, like_NoLike) values (18, 80, 77, 0);
insert into likes (user_id, photo_id, commentaire-id, like_NoLike) values (30, 60, 105, 0);
insert into likes (user_id, photo_id, commentaire-id, like_NoLike) values (10, 42, 27, 0);
insert into likes (user_id, photo_id, commentaire-id, like_NoLike) values (14, 28, 143, 1);
insert into likes (user_id, photo_id, commentaire-id, like_NoLike) values (24, 56, 138, 0);
insert into likes (user_id, photo_id, commentaire-id, like_NoLike) values (18, 75, 91, 0);
insert into likes (user_id, photo_id, commentaire-id, like_NoLike) values (1, 55, 177, 0);
insert into likes (user_id, photo_id, commentaire-id, like_NoLike) values (16, 68, 51, 1);
insert into likes (user_id, photo_id, commentaire-id, like_NoLike) values (6, 74, 161, 0);
insert into likes (user_id, photo_id, commentaire-id, like_NoLike) values (6, 2, 124, 0);
insert into likes (user_id, photo_id, commentaire-id, like_NoLike) values (23, 25, 110, 1);
insert into likes (user_id, photo_id, commentaire-id, like_NoLike) values (9, 68, 37, 1);
insert into likes (user_id, photo_id, commentaire-id, like_NoLike) values (3, 26, 95, 0);
insert into likes (user_id, photo_id, commentaire-id, like_NoLike) values (1, 92, 75, 0);
insert into likes (user_id, photo_id, commentaire-id, like_NoLike) values (15, 59, 16, 0);
insert into likes (user_id, photo_id, commentaire-id, like_NoLike) values (5, 94, 140, 0);
insert into likes (user_id, photo_id, commentaire-id, like_NoLike) values (28, 87, 160, 1);
insert into likes (user_id, photo_id, commentaire-id, like_NoLike) values (7, 11, 178, 0);
insert into likes (user_id, photo_id, commentaire-id, like_NoLike) values (15, 7, 182, 0);
insert into likes (user_id, photo_id, commentaire-id, like_NoLike) values (17, 39, 110, 1);
insert into likes (user_id, photo_id, commentaire-id, like_NoLike) values (29, 90, 79, 1);
insert into likes (user_id, photo_id, commentaire-id, like_NoLike) values (9, 92, 197, 0);
insert into likes (user_id, photo_id, commentaire-id, like_NoLike) values (13, 6, 108, 1);
insert into likes (user_id, photo_id, commentaire-id, like_NoLike) values (5, 88, 143, 0);
insert into likes (user_id, photo_id, commentaire-id, like_NoLike) values (2, 8, 163, 1);
insert into likes (user_id, photo_id, commentaire-id, like_NoLike) values (13, 54, 71, 1);
insert into likes (user_id, photo_id, commentaire-id, like_NoLike) values (29, 80, 27, 0);
insert into likes (user_id, photo_id, commentaire-id, like_NoLike) values (12, 20, 15, 0);
insert into likes (user_id, photo_id, commentaire-id, like_NoLike) values (6, 68, 120, 0);
insert into likes (user_id, photo_id, commentaire-id, like_NoLike) values (24, 48, 69, 0);
insert into likes (user_id, photo_id, commentaire-id, like_NoLike) values (13, 85, 89, 0);
insert into likes (user_id, photo_id, commentaire-id, like_NoLike) values (29, 18, 164, 0);
insert into likes (user_id, photo_id, commentaire-id, like_NoLike) values (25, 64, 186, 1);
insert into likes (user_id, photo_id, commentaire-id, like_NoLike) values (30, 7, 117, 0);
insert into likes (user_id, photo_id, commentaire-id, like_NoLike) values (29, 34, 62, 1);
insert into likes (user_id, photo_id, commentaire-id, like_NoLike) values (15, 95, 57, 0);
insert into likes (user_id, photo_id, commentaire-id, like_NoLike) values (2, 36, 190, 1);
insert into likes (user_id, photo_id, commentaire-id, like_NoLike) values (4, 54, 26, 0);
insert into likes (user_id, photo_id, commentaire-id, like_NoLike) values (21, 27, 77, 1);
insert into likes (user_id, photo_id, commentaire-id, like_NoLike) values (18, 99, 96, 0);
insert into likes (user_id, photo_id, commentaire-id, like_NoLike) values (16, 25, 38, 1);
insert into likes (user_id, photo_id, commentaire-id, like_NoLike) values (19, 98, 140, 0);
insert into likes (user_id, photo_id, commentaire-id, like_NoLike) values (11, 89, 173, 1);
insert into likes (user_id, photo_id, commentaire-id, like_NoLike) values (11, 90, 161, 0);
insert into likes (user_id, photo_id, commentaire-id, like_NoLike) values (30, 94, 106, 1);
insert into likes (user_id, photo_id, commentaire-id, like_NoLike) values (23, 66, 140, 0);
insert into likes (user_id, photo_id, commentaire-id, like_NoLike) values (12, 38, 199, 1);
insert into likes (user_id, photo_id, commentaire-id, like_NoLike) values (22, 57, 40, 0);
insert into likes (user_id, photo_id, commentaire-id, like_NoLike) values (24, 20, 45, 0);
insert into likes (user_id, photo_id, commentaire-id, like_NoLike) values (8, 1, 175, 1);
insert into likes (user_id, photo_id, commentaire-id, like_NoLike) values (10, 76, 111, 1);
insert into likes (user_id, photo_id, commentaire-id, like_NoLike) values (13, 80, 43, 0);
insert into likes (user_id, photo_id, commentaire-id, like_NoLike) values (18, 47, 157, 0);
insert into likes (user_id, photo_id, commentaire-id, like_NoLike) values (17, 58, 107, 0);
insert into likes (user_id, photo_id, commentaire-id, like_NoLike) values (24, 41, 164, 0);
insert into likes (user_id, photo_id, commentaire-id, like_NoLike) values (12, 71, 123, 0);
insert into likes (user_id, photo_id, commentaire-id, like_NoLike) values (21, 29, 86, 1);
insert into likes (user_id, photo_id, commentaire-id, like_NoLike) values (16, 19, 106, 1);
insert into likes (user_id, photo_id, commentaire-id, like_NoLike) values (7, 98, 122, 0);
insert into likes (user_id, photo_id, commentaire-id, like_NoLike) values (5, 91, 25, 1);
insert into likes (user_id, photo_id, commentaire-id, like_NoLike) values (23, 2, 18, 0);
insert into likes (user_id, photo_id, commentaire-id, like_NoLike) values (22, 49, 65, 1);
insert into likes (user_id, photo_id, commentaire-id, like_NoLike) values (16, 40, 180, 0);
insert into likes (user_id, photo_id, commentaire-id, like_NoLike) values (14, 3, 106, 1);
insert into likes (user_id, photo_id, commentaire-id, like_NoLike) values (7, 7, 45, 0);
insert into likes (user_id, photo_id, commentaire-id, like_NoLike) values (7, 89, 27, 0);
insert into likes (user_id, photo_id, commentaire-id, like_NoLike) values (12, 6, 170, 1);
insert into likes (user_id, photo_id, commentaire-id, like_NoLike) values (20, 55, 11, 1);
insert into likes (user_id, photo_id, commentaire-id, like_NoLike) values (24, 33, 40, 0);
insert into likes (user_id, photo_id, commentaire-id, like_NoLike) values (21, 60, 165, 1);
insert into likes (user_id, photo_id, commentaire-id, like_NoLike) values (13, 37, 165, 0);
insert into likes (user_id, photo_id, commentaire-id, like_NoLike) values (8, 73, 117, 1);
insert into likes (user_id, photo_id, commentaire-id, like_NoLike) values (1, 55, 90, 1);
insert into likes (user_id, photo_id, commentaire-id, like_NoLike) values (27, 46, 26, 1);
